Region,District,GeoJSON_District,Gi_U5MR_per_1000_z,Gi_U5MR_per_1000_p,Gi_U5MR_per_1000_label,Gi_Diarrhoea_prevalence_pct_z,Gi_Diarrhoea_prevalence_pct_p,Gi_Diarrhoea_prevalence_pct_label
Ahafo,Asunafo North Municipal,Asunafo North Municipal,-2.7398958062013965,0.006145866438864056,COLDSPOT,-1.299796941345059,0.19367057410896416,NS
Ahafo,Asunafo South,Asunafo South,-1.999736734845201,0.045528699261727645,COLDSPOT,-0.22401798225513647,0.8227433109772908,NS
Ahafo,Asutifi North,Asutifi North,-2.7443291224265867,0.006063471272944376,COLDSPOT,-1.7145127463167145,0.08643459816217236,NS
Ahafo,Asutifi South,Asutifi South,-2.1407036392377266,0.03229794485973292,COLDSPOT,0.10115246594601665,0.9194294297824857,NS
Ahafo,Tano North Municipal,Tano North Municipal,-2.2072805466781347,0.027294465512882837,COLDSPOT,-0.6470818765844448,0.5175789541387186,NS
Ahafo,Tano South Municipal,Tano South Municipal,-0.9289369947582142,0.3529217392855868,NS,0.8001596299994929,0.42361831614756906,NS
Ashanti,Adansi Asokwa,Adansi Asokwa,0.487668241267442,0.6257848504858594,NS,2.472388200984176,0.013421368580342596,HOTSPOT
Ashanti,Adansi North,Adansi North,0.487668241267442,0.6257848504858594,NS,2.472388200984176,0.013421368580342596,HOTSPOT
Ashanti,Adansi South,Adansi South,0.3100859685370009,0.7564955822202699,NS,1.257932145276209,0.208416297080126,NS
Ashanti,Afigya Kwabre North,Afigya Kwabre North,0.41053541362797935,0.681413230868364,NS,2.08133896540402,0.037402890978562864,HOTSPOT
Ashanti,Afigya Kwabre South,Afigya Kwabre South,0.5223726583785835,0.6014108890216079,NS,2.648333206475246,0.008088975398054643,HOTSPOT
Ashanti,Ahafo Ano North Municipal,Ahafo Ano North Municipal,-1.598673198951311,0.1098932357176059,NS,0.15956996229722928,0.873219842352011,NS
Ashanti,Ahafo Ano South East,Ahafo Ano South East,0.487668241267442,0.6257848504858594,NS,2.472388200984176,0.013421368580342596,HOTSPOT
Ashanti,Ahafo Ano South West,Ahafo Ano South West,-0.7745666587102914,0.43859576513465237,NS,1.112624992659192,0.26586952193902613,NS
Ashanti,Akrofuom,Adansi Akrofuom,0.6495038180769785,0.5160127793816696,NS,2.6566591748107773,0.007891918465472658,HOTSPOT
Ashanti,Amansie Central,Amansie Central,0.5556611120987873,0.5784425456869253,NS,2.5926136277761684,0.009524971095946633,HOTSPOT
Ashanti,Amansie South,Amansie South,0.18259746327010692,0.8551138748973077,NS,1.845032102201288,0.06503286892923299,NS
Ashanti,Amansie West,Amansie West,0.487668241267442,0.6257848504858594,NS,2.472388200984176,0.013421368580342596,HOTSPOT
Ashanti,Asante Akim Central Municipal,Asante Akim Central Municipal,0.487668241267442,0.6257848504858594,NS,2.472388200984176,0.013421368580342596,HOTSPOT
Ashanti,Asante Akim North Municipal,Asante Akim North Municipal,0.32264193605736025,0.7469664303968941,NS,1.5657813917503238,0.11739980402908001,NS
Ashanti,Asante Akim South Municipal,Asante Akim South Municipal,0.1777971345573847,0.8588822977878694,NS,0.769230043137076,0.4417567583912634,NS
Ashanti,Asokore Mampong Municipal,Asokore Mampong Municipal,0.45060341742461846,0.6522754031670863,NS,2.2844763679265476,0.022343549904174198,HOTSPOT
Ashanti,Asokwa Municipal,Asokwa Municipal,0.41053541362797935,0.681413230868364,NS,2.08133896540402,0.037402890978562864,HOTSPOT
Ashanti,Atwima Kwanwoma,Atwima Kwanwoma,0.45060341742461846,0.6522754031670863,NS,2.2844763679265476,0.022343549904174198,HOTSPOT
Ashanti,Atwima Mponua,Atwima Mponua,-0.8485000957133982,0.396159519181277,NS,1.471664924157249,0.14111138393878586,NS
Ashanti,Atwima Nwabiagya North,Atwima Nwabiagya North,0.45060341742461846,0.6522754031670863,NS,2.2844763679265476,0.022343549904174198,HOTSPOT
Ashanti,Atwima Nwabiagya South Municipal,Atwima Nwabiagya South Municipal,0.5223726583785835,0.6014108890216079,NS,2.648333206475246,0.008088975398054643,HOTSPOT
Ashanti,Bekwai Municipal,Bekwai Municipal,0.487668241267442,0.6257848504858594,NS,2.472388200984176,0.013421368580342596,HOTSPOT
Ashanti,Bosome Freho,Bosome Freho,0.4966829828566219,0.6194126245012606,NS,2.486682092098321,0.01289405640744068,HOTSPOT
Ashanti,Bosomtwi,Bosomtwe,0.487668241267442,0.6257848504858594,NS,2.472388200984176,0.013421368580342596,HOTSPOT
Ashanti,Ejisu Municipal,Ejisu Municipal,0.5223726583785835,0.6014108890216079,NS,2.648333206475246,0.008088975398054643,HOTSPOT
Ashanti,Ejura Sekyedumase Municipal,Ejura Sekyedumase Municipal,0.8553984704752939,0.3923305900828722,NS,2.822638478670365,0.004763024732130194,HOTSPOT
Ashanti,Juaben Municipal,Juaben Municipal,0.45060341742461846,0.6522754031670863,NS,2.2844763679265476,0.022343549904174198,HOTSPOT
Ashanti,"Kumasi Metropolitan Area (KMA)-Bantama, Manhyia North, Manhyia South, Nhyiaeso, & Subin",Kumasi Metropolitan,0.487668241267442,0.6257848504858594,NS,2.472388200984176,0.013421368580342596,HOTSPOT
Ashanti,Kwabre East,Kwabre East,0.487668241267442,0.6257848504858594,NS,2.472388200984176,0.013421368580342596,HOTSPOT
Ashanti,Kwadaso Municipal,Kwadaso Municipal,0.45060341742461846,0.6522754031670863,NS,2.2844763679265476,0.022343549904174198,HOTSPOT
Ashanti,Mampong Municipal,Mampong Municipal,0.41053541362797935,0.681413230868364,NS,2.08133896540402,0.037402890978562864,HOTSPOT
Ashanti,Obuasi East,Obuasi East,0.41053541362797935,0.681413230868364,NS,2.08133896540402,0.037402890978562864,HOTSPOT
Ashanti,Obuasi Municipal,Obuasi Municipal,0.41053541362797935,0.681413230868364,NS,2.08133896540402,0.037402890978562864,HOTSPOT
Ashanti,Offinso Municipal,Offinso Municipal,0.487668241267442,0.6257848504858594,NS,2.472388200984176,0.013421368580342596,HOTSPOT
Ashanti,Offinso North,Offinso North,-0.5454864468393259,0.5854189994482728,NS,1.1527315798516529,0.24902057518576015,NS
Ashanti,Oforikrom Municipal,Oforikrom Municipal,0.45060341742461846,0.6522754031670863,NS,2.2844763679265476,0.022343549904174198,HOTSPOT
Ashanti,Old Tafo Municipal,Old Tafo Municipal,0.45060341742461846,0.6522754031670863,NS,2.2844763679265476,0.022343549904174198,HOTSPOT
Ashanti,Sekyere Afram Plains,Sekyere Afram Plains North,0.7221033806998067,0.4702309198572261,NS,1.9398985630155534,0.052392018764927384,NS
Ashanti,Sekyere Central,Sekyere Central,0.5654631120622662,0.5717588077394247,NS,2.220390745841614,0.026392254692094053,HOTSPOT
Ashanti,Sekyere East,Sekyere East,0.45060341742461846,0.6522754031670863,NS,2.2844763679265476,0.022343549904174198,HOTSPOT
Ashanti,Sekyere Kumawu,Sekyere Kumawu,0.487668241267442,0.6257848504858594,NS,2.472388200984176,0.013421368580342596,HOTSPOT
Ashanti,Sekyere South,Sekyere South,0.5551624813730598,0.578783528918364,NS,2.814571572281487,0.00488423001647309,HOTSPOT
Ashanti,Suame Municipal,Suame Municipal,0.487668241267442,0.6257848504858594,NS,2.472388200984176,0.013421368580342596,HOTSPOT
Bono,Banda,Banda,-0.12369505576362054,0.9015567265253386,NS,-0.1233120046930986,0.9018600350146246,NS
Bono,Berekum East Municipal,Berekum East Municipal,-1.7498683951361163,0.08014102537241152,NS,-2.2240747277326443,0.026143416914637063,COLDSPOT
Bono,Berekum West,Berekum West,-1.4730976606651054,0.14072470414335458,NS,-1.872300389945889,0.06116505686010121,NS
Bono,Dormaa Central Municipal,Dormaa Municipal,-2.2470987587813513,0.02463371624069377,COLDSPOT,-1.9692937370246788,0.04891936997835189,COLDSPOT
Bono,Dormaa East,Dormaa East,-1.9984835769587337,0.04566425868460722,COLDSPOT,-2.096684232378662,0.03602153721228518,COLDSPOT
Bono,Dormaa West,Dormaa West,-1.595249163688806,0.11065652869098952,NS,-1.0794179728138238,0.2804014424178505,NS
Bono,Jaman North,Jaman North,-1.4730976606651054,0.14072470414335458,NS,-1.872300389945889,0.06116505686010121,NS
Bono,Jaman South,Jaman South,-1.4730976606651054,0.14072470414335458,NS,-1.872300389945889,0.06116505686010121,NS
Bono,Sunyani Municipal,Sunyani Municipal,-2.059116839334065,0.03948304706480332,COLDSPOT,-1.5720239832104528,0.11594498924950591,NS
Bono,Sunyani West Municipal,Sunyani West Municipal,-1.5517940383477928,0.12071151288099236,NS,-1.2836311239821327,0.1992710542259193,NS
Bono,Tain,Tain,-1.6168710860530418,0.10590611087898494,NS,-2.05503575611038,0.03987555123850117,COLDSPOT
Bono,Wenchi Municipal,Wenchi Municipal,-0.4712760314769401,0.6374436296166304,NS,-0.38965159463529686,0.6967941946440139,NS
Bono East,Atebubu Amantin Municipal,Atebubu Amantin Municipal,1.0216994641816417,0.30692316478890147,NS,2.369735312979861,0.017800823652069253,HOTSPOT
Bono East,Kintampo North Municipal,Kintampo North Municipal,2.862657004815222,0.004201050650722626,HOTSPOT,3.7401354981414654,0.00018392108168274746,HOTSPOT
Bono East,Kintampo South,Kintampo South,1.0216994641816417,0.30692316478890147,NS,1.589661211192785,0.11191119145675499,NS
Bono East,Nkoranza North,Nkoranza North,1.221430186502865,0.2219231836639053,NS,2.258296155581707,0.023927201816049903,HOTSPOT
Bono East,Nkoranza South Municipal,Nkoranza South Municipal,0.7872620284865963,0.43112849294628175,NS,1.8711454806892154,0.06132491910378479,NS
Bono East,Pru East,Pru East,2.288358531626983,0.022116650479356403,HOTSPOT,3.1267445438999597,0.0017675343716203606,HOTSPOT
Bono East,Pru West,Pru West,1.766260604926618,0.07735213759165527,NS,2.625256795408956,0.008658363905358568,HOTSPOT
Bono East,Sene East,Sene East,4.352874474757346,1.3436409024958351e-05,HOTSPOT,1.871953384753728,0.061213052917096,NS
Bono East,Sene West,Sene West,1.5992003638010963,0.10977608953750329,NS,2.5774392117433855,0.009953538703077136,HOTSPOT
Bono East,Techiman Municipal,Techiman Municipal,0.2745695139909127,0.7836469907316188,NS,0.892746058594794,0.3719931789483373,NS
Bono East,Techiman North,Techiman North,0.536110951914185,0.591881871453575,NS,1.010353114714299,0.3123261421758925,NS
Central,Abura Asebu Kwamankese,Abura Asebu Kwamankese,0.6803228066999141,0.4963000867189442,NS,1.8999626354169474,0.0574380232211813,NS
Central,Agona East,Agona East,0.37403028766618657,0.7083817826258367,NS,0.7830417933652475,0.4336025700610806,NS
Central,Agona West Municipal,Agona West Municipal,0.4521517867213538,0.6511596384569878,NS,1.0201365539487763,0.30766370264683385,NS
Central,Ajumako Enyan Essiam,Ajumako Enyan Essiam,0.7362834230900596,0.4615582323029548,NS,2.056245916161167,0.039758818489693315,HOTSPOT
Central,Asikuma Odoben Brakwa,Asikuma Odoben Brakwa,0.6555264732593991,0.5121288475697587,NS,1.7170202482192471,0.08597547243011117,NS
Central,Assin Central Municipal,Assin Fosu,0.6198279774383221,0.5353710471135149,NS,1.7310164908793446,0.08344882325550285,NS
Central,Assin North,Assin North,0.5237153691384202,0.6004765242803614,NS,1.5287134785914345,0.12633548941427963,NS
Central,Assin South,Assin South,0.7362834230900596,0.4615582323029548,NS,2.056245916161167,0.039758818489693315,HOTSPOT
Central,Awutu Senya West,Awutu Senya,-0.4682741396765639,0.6395885592122348,NS,0.5816298382411716,0.560816040078381,NS
Central,Awutu Senya East Municipal,Awutu Senya East Municipal,-0.4684933543754602,0.639431822314596,NS,0.9002517655779716,0.3679862836597758,NS
Central,Cape Cape Metropolitan Area (CCMA)-Cape Coast South & Cape Coast North,Cape Coast Metropolitan,0.5533071423605315,0.5800531111185108,NS,1.5452412972802796,0.12228790869397765,NS
Central,Effutu Municipal,Effutu Municipal,0.5533071423605315,0.5800531111185108,NS,1.5452412972802796,0.12228790869397765,NS
Central,Ekumfi,Ekumfi,0.5533071423605315,0.5800531111185108,NS,1.5452412972802796,0.12228790869397765,NS
Central,Gomoa Central,Gomoa Central,0.5533071423605315,0.5800531111185108,NS,1.5452412972802796,0.12228790869397765,NS
Central,Gomoa East,Gomoa East,0.020561573384186738,0.9835953939776607,NS,1.7167044279613253,0.08603319069999626,NS
Central,Gomoa West,Gomoa West,0.7362834230900596,0.4615582323029548,NS,2.056245916161167,0.039758818489693315,HOTSPOT
Central,Komenda Edina Eguafo Abirem Municipal,Komenda Edina Eguafo Abirem Municipal,0.7872620284865963,0.43112849294628175,NS,-0.35089992915301227,0.7256634246374725,NS
Central,Mfantsiman Municipal,Mfantseman Municipal,0.5533071423605315,0.5800531111185108,NS,1.5452412972802796,0.12228790869397765,NS
Central,Twifo Ati Morkwa,Twifo Atti-Morkwa,1.0268691648926538,0.3044820756188278,NS,-0.005292668266875095,0.995777081420055,NS
Central,Twifo Heman Lower Denkyira,Twifo Hemang Lower Denkyira,0.8073163321822361,0.4194842568434467,NS,1.1730051483735562,0.24079374112357943,NS
Central,Upper Denkyira East Municipal,Upper Denkyira East Municipal,0.71860937157913,0.47238163749274653,NS,1.0119190150971542,0.3115767766816302,NS
Central,Upper Denkyira West,Upper Denkyira West,0.38111887762917734,0.703115040318949,NS,1.0626000524001027,0.28796336325582583,NS
Eastern,Abuakwa North Municipal,Abuakwa North Municipal,-0.21734227780304888,0.827941611531255,NS,-1.321793644264256,0.1862368753368293,NS
Eastern,Abuakwa South Municipal,Abuakwa South Municipal,-0.25817730420041074,0.7962700729288394,NS,-1.5701368515822,0.11638327685327665,NS
Eastern,Achiase,Achiase,0.22088402814932284,0.8251827339710538,NS,0.2245813723394,0.8223049574531118,NS
Eastern,Akwapim North Municipal,Akwapem North,-1.7412421945952803,0.08164113395896755,NS,-2.0321114042472135,0.042142379130891916,COLDSPOT
Eastern,Akwapim South Municipal,Akwapem South,-3.2059341582842507,0.0013462478858734528,COLDSPOT,-2.382348756069982,0.017202596817421645,COLDSPOT
Eastern,Akyemansa,Akyem Mansa,-0.010885538850452854,0.9913147681415706,NS,-0.25344072143513074,0.7999276633960557,NS
Eastern,Asene Manso Akroso,Asene Akroso Manso,-0.042332651085092446,0.9662335168056388,NS,-0.8700510353683729,0.38427251456619915,NS
Eastern,Asuogyaman,Asuogyaman,0.2745695139909127,0.7836469907316188,NS,-1.5956149506529975,0.11057478750148442,NS
Eastern,Atiwa East,Atiwa East,-0.2765502309063096,0.7821254845817827,NS,-1.6818740524244442,0.09259326518586297,NS
Eastern,Atiwa West,Atiwa West,-0.2765502309063096,0.7821254845817827,NS,-1.6818740524244442,0.09259326518586297,NS
Eastern,Ayensuano,Ayensuano,-0.29390954896220917,0.7688270211946402,NS,-1.7874468682934403,0.07386529227209726,NS
Eastern,Birim Central Municipal,Birim Central Municipal,-0.21734227780304888,0.827941611531255,NS,-1.321793644264256,0.1862368753368293,NS
Eastern,Birim North,Birim North,-0.12369505576362054,0.9015567265253386,NS,-0.828253847627367,0.40752675419851103,NS
Eastern,Birim South,Birim South,-0.009562122377793138,0.9923706464503816,NS,-0.4745785915379518,0.6350873684359071,NS
Eastern,Denkyembuor,Denkyembour,-0.25817730420041074,0.7962700729288394,NS,-1.5701368515822,0.11638327685327665,NS
Eastern,Fanteakwa North,Fanteakwa North,-0.23855475040126833,0.8114508560635516,NS,-1.4507998907381494,0.14683559011186098,NS
Eastern,Fanteakwa South,Fanteakwa South,-0.2765502309063096,0.7821254845817827,NS,-1.6818740524244442,0.09259326518586297,NS
Eastern,Kwaebibirem Municipal,Kwaebibirem Municipal,-0.23855475040126833,0.8114508560635516,NS,-1.4507998907381494,0.14683559011186098,NS
Eastern,Kwahu Afram Plains North,Kwahu Afram Plains North,1.30989317500441,0.19023197632310573,NS,-0.9602866910659196,0.3369109464208355,NS
Eastern,Kwahu Afram Plains South,Kwahu Afram Plains South,0.08345579785346592,0.9334891229333466,NS,-0.3060781872587004,0.7595451154798571,NS
Eastern,Kwahu East,Kwahu East,-0.008835361125972739,0.9929504934869047,NS,-0.20570780451658377,0.8370191618192269,NS
Eastern,Kwahu South Municipal,Kwahu South Municipal,-0.23855475040126833,0.8114508560635516,NS,-1.4507998907381494,0.14683559011186098,NS
Eastern,Kwahu West Municipal,Kwahu West Municipal,-0.12369505576362054,0.9015567265253386,NS,-0.8282538476273663,0.4075267541985115,NS
Eastern,Lower Manya Krobo Municipal,Lower Manya,-0.00804971399270613,0.9935773268490331,NS,-1.3318028578221048,0.1829249786363092,NS
Eastern,New Juaben North Municipal,New Juaben North Municipal,-0.23855475040126833,0.8114508560635516,NS,-1.4507998907381494,0.14683559011186098,NS
Eastern,New Juaben South Municipal,New Juaben South Municipal,-0.23855475040126833,0.8114508560635516,NS,-1.4507998907381494,0.14683559011186098,NS
Eastern,Nsawam Adoagyiri Municipal,Nsawam Adoagyiri Municipal,-1.9231636050867693,0.05445950640388775,NS,-1.8536238009863029,0.0637930000470317,NS
Eastern,Okere,Okere,-1.138229558568557,0.25502463906834927,NS,-1.5419963425369094,0.12307448237942809,NS
Eastern,Suhum Municipal,Suhum Municipal,-0.23855475040126833,0.8114508560635516,NS,-1.4507998907381494,0.14683559011186098,NS
Eastern,Upper Manya Krobo,Upper Manya,-0.2765502309063096,0.7821254845817827,NS,-1.6818740524244442,0.09259326518586297,NS
Eastern,Upper West Akim,Upper West Akim,-1.4260055894092345,0.1538667286622446,NS,-1.2009151062593812,0.2297841338109894,NS
Eastern,West Akim Municipal,West Akim Municipal,-0.23855475040126833,0.8114508560635516,NS,-1.4507998907381494,0.14683559011186098,NS
Eastern,Yilo Krobo Municipal,Yilo Krobo Municipal,-0.9857460181242802,0.3242577614806841,NS,-1.9528789037389445,0.05083394602709501,NS
Greater Accra,Ablekuma Central Municipal,Ablekuma Central Municipal,-4.304298419142318,1.6751573883366788e-05,COLDSPOT,-2.162787969405857,0.030557491338977893,COLDSPOT
Greater Accra,Ablekuma North Municipal,Ablekuma North Municipal,-6.520437771420848,7.010259039930133e-11,COLDSPOT,-3.2763351873029753,0.0010516367112225478,COLDSPOT
Greater Accra,Ablekuma West Municipal,Ablekuma West Municipal,-4.821778681630589,1.422837615283612e-06,COLDSPOT,-2.422807135627522,0.01540110073490708,COLDSPOT
Greater Accra,"Accra Metropolitan Area (AMA)-Ablekuma South, Ashiedu Keteke & Okaikoi South",Accra Metropolis,-4.304298419142318,1.6751573883366788e-05,COLDSPOT,-2.162787969405857,0.030557491338977893,COLDSPOT
Greater Accra,Ada East,Ada East,-1.782080146823531,0.07473616283211904,NS,-1.6936999296443576,0.09032231785454226,NS
Greater Accra,Ada West,Ada West,-3.224906810980111,0.00126013680053072,COLDSPOT,-2.2747578889730082,0.022920457688982543,COLDSPOT
Greater Accra,Adentan Municipal,Adenta Municipal,-4.821778681630589,1.422837615283612e-06,COLDSPOT,-2.422807135627522,0.01540110073490708,COLDSPOT
Greater Accra,Ashaiman Municipal,Ashaiman Municipal,-4.304298419142318,1.6751573883366788e-05,COLDSPOT,-2.162787969405857,0.030557491338977893,COLDSPOT
Greater Accra,Ayawaso Central Municipal,Ayawaso Central Municipal,-4.821778681630589,1.422837615283612e-06,COLDSPOT,-2.422807135627522,0.01540110073490708,COLDSPOT
Greater Accra,Ayawaso East Municipal,Ayawaso East Municipal,-5.292381314457772,1.2073382338328997e-07,COLDSPOT,-2.6592716214826098,0.007830980107604857,COLDSPOT
Greater Accra,Ayawaso North Municipal,Ayawaso North Municipal,-5.292381314457772,1.2073382338328997e-07,COLDSPOT,-2.6592716214826098,0.007830980107604857,COLDSPOT
Greater Accra,Ayawaso West Municipal,Ayawaso West Municipal,-6.520437771420848,7.010259039930133e-11,COLDSPOT,-3.2763351873029753,0.0010516367112225478,COLDSPOT
Greater Accra,Ga Central Municipal,Ga Central Municipal,-4.821778681630589,1.422837615283612e-06,COLDSPOT,-2.422807135627522,0.01540110073490708,COLDSPOT
Greater Accra,Ga East Municipal,Ga East Municipal,-4.450076887115021,8.583955242613683e-06,COLDSPOT,-2.457859666358533,0.013976777809856511,COLDSPOT
Greater Accra,Ga North Municipal,Ga North Municipal,-3.6077724597722702,0.0003088371517370181,COLDSPOT,-2.2564477112344563,0.02404260649266532,COLDSPOT
Greater Accra,Ga South Municipal,Ga South Municipal,-3.4546262002554067,0.0005510562493691307,COLDSPOT,-1.6979872902086068,0.08951016068587325,NS
Greater Accra,Ga West Municipal,Ga West Municipal,-4.164987304270116,3.113698910728324e-05,COLDSPOT,-2.5043338175114056,0.012268222287874275,COLDSPOT
Greater Accra,Korle Klottey Municipal,Korle Klottey Municipal,-5.292381314457772,1.2073382338328997e-07,COLDSPOT,-2.6592716214826098,0.007830980107604857,COLDSPOT
Greater Accra,Kpone Katamanso Municipal,Kpone Katamanso Municipal,-5.5715873493592465,2.524287467942088e-08,COLDSPOT,-3.1459483891521374,0.0016554921634346353,COLDSPOT
Greater Accra,Krowor Municipal,Krowor Municipal,-3.720372506117127,0.00019892914674501938,COLDSPOT,-1.8693817468961125,0.06156972222309043,NS
Greater Accra,La Dade-Kotopon Municipal,La Dade-Kotopon Municipal,-4.821778681630589,1.422837615283612e-06,COLDSPOT,-2.422807135627522,0.01540110073490708,COLDSPOT
Greater Accra,La Nkwantanang Madina Municipal,La Nkwantanang Madina Municipal,-4.450076887115021,8.583955242613683e-06,COLDSPOT,-2.457859666358533,0.013976777809856511,COLDSPOT
Greater Accra,Ledzokuku Municipal,Ledzokuku Municipal,-4.304298419142318,1.6751573883366788e-05,COLDSPOT,-2.162787969405857,0.030557491338977893,COLDSPOT
Greater Accra,Ningo-Prampram,Ningo/Prampram,-4.304298419142318,1.6751573883366788e-05,COLDSPOT,-2.162787969405857,0.030557491338977893,COLDSPOT
Greater Accra,Okaikoi North Municipal,Okaikwei North Municipal,-5.727711304297998,1.017946038572859e-08,COLDSPOT,-2.878012603883087,0.004001891498043975,COLDSPOT
Greater Accra,Shai-Osudoku,Shai-Osudoku,-3.0394918896832315,0.0023697758312231088,COLDSPOT,-2.3903086958841366,0.01683421668829377,COLDSPOT
Greater Accra,Tema Metropolitan Area (TMA)-Tema Central & Tema East,Tema Metropolitan,-4.304298419142318,1.6751573883366788e-05,COLDSPOT,-2.162787969405857,0.030557491338977893,COLDSPOT
Greater Accra,Tema West Municipal,Tema West Municipal,-5.292381314457772,1.2073382338328997e-07,COLDSPOT,-2.6592716214826098,0.007830980107604857,COLDSPOT
Greater Accra,Weija Gbawe Municipal,Weija Gbawe Municipal,-3.8808556679014097,0.00010408960249264076,COLDSPOT,-1.4682244552990151,0.142043263482583,NS
North East,Bunkpurugu Nakpanduri,Bunkpurugu Nakpanduri,0.2591705930285388,0.7955036194610527,NS,2.6415248338283206,0.008253375626458226,HOTSPOT
North East,Chereponi,Chereponi,0.646722633927894,0.5178114716324367,NS,2.930167890861848,0.0033877891034377328,HOTSPOT
North East,East Mamprusi Municipal,East Mamprusi Municipal,0.8696336037194558,0.3845006676059759,NS,2.280677276070998,0.02256755079681705,HOTSPOT
North East,Mamprugu Moagduri,Mamprugu Moagduri,1.0204150594587653,0.3075316546947069,NS,1.3428591421788638,0.17931758853299473,NS
North East,West Mamprusi Municipal,West Mamprusi Municipal,1.2155518383004913,0.2241556902326225,NS,2.3408343798693636,0.019240700263982502,HOTSPOT
North East,Yunyoo Nasuan,Yunyoo Nasuan,0.13293743030740018,0.8942428644968696,NS,2.840817788050134,0.004499801474170173,HOTSPOT
Northern,Gushegu Municipal,Gushegu Municipal,0.9218341030210301,0.3566151159556996,NS,4.176641650792782,2.9584453900444174e-05,HOTSPOT
Northern,Karaga,Karaga,1.446612514011824,0.14800547935215902,NS,4.001074145231965,6.305559428665397e-05,HOTSPOT
Northern,Kpandai,Kpandai,4.776985248776018,1.7794282169969478e-06,HOTSPOT,2.9070224110373313,0.0036488705489534645,HOTSPOT
Northern,Kumbungu,Kumbungu,1.8372935140187945,0.06616657688015581,NS,4.27284053532046,1.929984836968046e-05,HOTSPOT
Northern,Mion,Mion,3.007691396187326,0.0026324030373663376,HOTSPOT,5.202925217574431,1.9617582580622184e-07,HOTSPOT
Northern,Nanton,Nanton,2.0586391423516877,0.0395288201377344,HOTSPOT,3.8225312979649533,0.00013208870673575568,HOTSPOT
Northern,Nanumba North Municipal,Nanumba North Municipal,2.4797913560230627,0.013145928085967151,HOTSPOT,4.115494141781791,3.863508106638491e-05,HOTSPOT
Northern,Nanumba South,Nanumba South,3.3289846049545,0.0008716322223900619,HOTSPOT,4.035044943993025,5.459184678491269e-05,HOTSPOT
Northern,Saboba,Saboba,1.6374869286803122,0.10152876794479093,NS,3.7492905870107425,0.000177335508300569,HOTSPOT
Northern,Sagnarigu Municipal,Sagnerigu,2.0586391423516877,0.0395288201377344,HOTSPOT,3.822531297964952,0.00013208870673575568,HOTSPOT
Northern,Savelugu Municipal,Savelugu Municipal,1.6374869286803122,0.10152876794479093,NS,3.7492905870107425,0.000177335508300569,HOTSPOT
Northern,Tamale Metropolitan Area (TMA)-Tamale Central & Tamale South,Tamale Metropolitan,3.009336514039706,0.002618189444517416,HOTSPOT,4.6804901204532054,2.8618990335349537e-06,HOTSPOT
Northern,Tatale Sanguli,Tatale Sanguli,1.8755833603003786,0.06071251304515113,NS,3.482628863502722,0.0004965161905086113,HOTSPOT
Northern,Tolon,Tolon,2.900943569694438,0.003720408699104949,HOTSPOT,4.40845698559863,1.0410969168983542e-05,HOTSPOT
Northern,Yendi Municipal,Yendi Municipal,2.0586391423516877,0.0395288201377344,HOTSPOT,3.822531297964952,0.00013208870673575568,HOTSPOT
Northern,Zabzugu,Zabzugu,2.0586391423516877,0.0395288201377344,HOTSPOT,3.8225312979649533,0.00013208870673575568,HOTSPOT
Oti,Biakoye,Biakoye,4.250679475041418,2.1312297851627804e-05,HOTSPOT,0.44342987795463157,0.657454828822214,NS
Oti,Jasikan Municipal,Jasikan Municipal,4.24321905927135,2.2033616375871645e-05,HOTSPOT,0.5512214034999593,0.5814819094592676,NS
Oti,Kadjebi,Kadjebi,6.061434636507234,1.3491270323129356e-09,HOTSPOT,1.2806018807761903,0.20033353906433748,NS
Oti,Krachi East Municipal,Krachi East Municipal,6.347883241371999,2.182976022169214e-10,HOTSPOT,1.59764013288683,0.11012308936095816,NS
Oti,Krachi Nchumuru,Krachi Nchumuru,5.31790605953544,1.0496823610317563e-07,HOTSPOT,2.6167640957186897,0.008876766608914899,HOTSPOT
Oti,Krachi West Municipal,Krachi West Municipal,4.289926805055031,1.7873201479945422e-05,HOTSPOT,1.243684700290744,0.2136156290918374,NS
Oti,Nkwanta North (Kpassa),Nkwanta North,3.5426028725161314,0.0003961988571694608,HOTSPOT,2.126016965556422,0.03350184692636127,HOTSPOT
Oti,Nkwanta South Municipal,Nkwanta South Municipal,5.887295630273281,3.925661351544818e-09,HOTSPOT,1.808411746724184,0.07054244104918972,NS
Savannah,Bole,Bole,2.9383036049475297,0.003300136727573788,HOTSPOT,3.720815055453203,0.00019858083184964848,HOTSPOT
Savannah,Central Gonja,Central Gonja,4.084237206440399,4.422184028030074e-05,HOTSPOT,5.426352201614934,5.751741016801759e-08,HOTSPOT
Savannah,East Gonja Municipal,East Gonja Municipal,2.862657004815222,0.004201050650722626,HOTSPOT,3.7401354981414654,0.00018392108168274746,HOTSPOT
Savannah,North East Gonja,North East Gonja,4.069690141858665,4.7075706059773736e-05,HOTSPOT,5.123650675666626,2.996759584927844e-07,HOTSPOT
Savannah,North Gonja,North Gonja,2.6541719685788236,0.00795032978171073,HOTSPOT,3.8312201514266553,0.00012750934817895576,HOTSPOT
Savannah,Sawla Tuna Kalba,Sawla Tuna Kalba,2.97751669945287,0.002905938134456054,HOTSPOT,2.723920633651806,0.006451200723964989,HOTSPOT
Savannah,West Gonja,West Gonja,4.177801562214149,2.94340275506233e-05,HOTSPOT,5.084103032758382,3.693674039961792e-07,HOTSPOT
Upper East,Bawku Municipal,Bawku Municipal,1.2477056688693504,0.2121388645325284,NS,-1.3718397120534953,0.1701133416786953,NS
Upper East,Bawku West,Bawku West,1.0631884554920734,0.28769649668592656,NS,-0.690927514588223,0.48961109413982706,NS
Upper East,Binduri,Binduri,1.1138000917647064,0.26536495760744283,NS,-1.2246118898828589,0.22072148593141883,NS
Upper East,Bolgatanga East,Bolga  East,1.2477056688693504,0.2121388645325284,NS,-1.3718397120534953,0.1701133416786953,NS
Upper East,Bolgatanga Municipal,Bolgatanga Municipal,1.3694809745258008,0.1708489779292104,NS,-1.505730423953807,0.13213639050578774,NS
Upper East,Bongo,Bongo,1.2477056688693504,0.2121388645325284,NS,-1.3718397120534953,0.1701133416786953,NS
Upper East,Builsa North Municipal,Builsa North Municipal,1.1138000917647064,0.26536495760744283,NS,-1.2246118898828589,0.22072148593141883,NS
Upper East,Builsa South,Builsa South,0.6652505139978832,0.5058902763162778,NS,-0.34718809618396934,0.7284500131664151,NS
Upper East,Garu,Garu,0.9138656958205007,0.3607874209313491,NS,-0.1178852045468007,0.906158616559446,NS
Upper East,Kasena Nankana Municipal,Kasena Nankana East,1.1979973321892066,0.23091805557629685,NS,-0.8737354769804304,0.3822623259213547,NS
Upper East,Kasena Nankana West,Kasena Nankana West,1.2335137867352948,0.21738413623978436,NS,-1.8588886410512275,0.0630429244931181,NS
Upper East,Nabdam,Nabdam,1.2477056688693504,0.2121388645325284,NS,-1.3718397120534953,0.1701133416786953,NS
Upper East,Pusiga,Pusiga,0.9627007319668694,0.33569772929118114,NS,-1.0584796782496702,0.28983681073453593,NS
Upper East,Talensi,Talensi,1.0549879179018455,0.2914308505419534,NS,-0.3286842840182912,0.7423943344636441,NS
Upper East,Tempane,Tempane,1.1138000917647064,0.26536495760744283,NS,-1.2246118898828589,0.22072148593141883,NS
Upper West,Daffiama Bussie Issa,Daffiama Bussie Issa,-0.25817730420041074,0.7962700729288394,NS,-3.2347059908742377,0.0012176804854846512,COLDSPOT
Upper West,Jirapa Municipal,Jirapa Municipal,-0.23855475040126833,0.8114508560635516,NS,-2.988854820776553,0.0028002515234999414,COLDSPOT
Upper West,Lambussie Karni,Lambussie Karni,-0.21734227780304888,0.827941611531255,NS,-2.723083542362958,0.00646757006529719,COLDSPOT
Upper West,Lawra Municipal,Lawra Municipal,-0.19401679017836856,0.8461627350409764,NS,-2.430838277840999,0.01506393668640893,COLDSPOT
Upper West,Nadowli Kaleo,Nadowli Kaleo,-0.21734227780304888,0.827941611531255,NS,-2.723083542362958,0.00646757006529719,COLDSPOT
Upper West,Nandom,Nandom,-0.1676962565361642,0.866822241336731,NS,-2.1010680522236673,0.0356349928744204,COLDSPOT
Upper West,Sissala East Municipal,Sissala East Municipal,0.2035366048987362,0.8387156378388176,NS,-1.7909470435291037,0.0733017934680884,NS
Upper West,Sissala West,Sissala West,-0.21734227780304888,0.827941611531255,NS,-2.723083542362958,0.00646757006529719,COLDSPOT
Upper West,Wa East,Wa East,1.0882763716220494,0.27647311831052823,NS,-0.058046330337060165,0.9537117244422715,NS
Upper West,Wa Municipal,Wa Municipal,-0.21734227780304888,0.827941611531255,NS,-2.723083542362958,0.00646757006529719,COLDSPOT
Upper West,Wa West,Wa West,0.6616864902003906,0.5081721646373918,NS,-1.16164622733869,0.2453791963904992,NS
Volta,Adaklu,Adaklu,0.8291205412486649,0.40703620138756147,NS,-1.3718397120534953,0.1701133416786953,NS
Volta,Afadzato South,Afadzato South,0.9100421959752096,0.3628002570626614,NS,-1.505730423953807,0.13213639050578774,NS
Volta,Agortime-Ziope,Agotime Ziope,0.9100421959752096,0.3628002570626614,NS,-1.505730423953807,0.13213639050578774,NS
Volta,Akatsi North,Akatsi North,0.7401381254952564,0.4592161870228644,NS,-1.2246118898828589,0.22072148593141883,NS
Volta,Akatsi South Municipal,Akatsi South Municipal,0.9848986049126771,0.3246738787202843,NS,-1.6295857494140595,0.10318907826423063,NS
Volta,Anloga,Anloga,-0.5209710106641373,0.6023869661406962,NS,-1.4591559097636086,0.14452220082641976,NS
Volta,Central Tongu,Central Tongu,0.9848986049126771,0.3246738787202843,NS,-1.6295857494140589,0.10318907826423085,NS
Volta,Ho Municipal,Ho Municipal,0.7401381254952564,0.4592161870228644,NS,-1.2246118898828589,0.22072148593141883,NS
Volta,Ho West,Ho West,0.8885456493008261,0.3742473120118701,NS,-1.7375936311235212,0.08228244285171704,NS
Volta,Hohoe Municipal,Hohoe Municipal,2.922046179352092,0.003477399776207868,HOTSPOT,-0.31086307492162096,0.7559047165682391,NS
Volta,Keta Municipal,Keta Municipal,0.9100421959752096,0.3628002570626614,NS,-1.505730423953807,0.13213639050578774,NS
Volta,Ketu North Municipal,Ketu North Municipal,0.8291205412486649,0.40703620138756147,NS,-1.3718397120534953,0.1701133416786953,NS
Volta,Ketu South Municipal,Ketu South Municipal,0.6397301638231455,0.5223480416493327,NS,-1.0584796782496702,0.28983681073453593,NS
Volta,Kpando Municipal,Kpando Municipal,1.6757734935595283,0.09378256794773843,NS,-1.01135562501289,0.3118462517484075,NS
Volta,North Dayi,North Dayi,0.6198279774383221,0.5353710471135149,NS,-1.3618304984956482,0.17325138416570596,NS
Volta,North Tongu,North Tongu,-1.0754731201912027,0.2821629603422986,NS,-2.063951163503828,0.03902234700031415,COLDSPOT
Volta,South Dayi,South Dayi,0.5271765471830503,0.5980709935310689,NS,-1.4874202462152541,0.13690385286969708,NS
Volta,South Tongu,South Tongu,-0.7425885829891639,0.45773080281816325,NS,-2.0798710431321363,0.03753736265783103,COLDSPOT
Western,Ahanta West Municipal,Ahanta West Municipal,1.1397615852505052,0.2543856419232653,NS,-3.8128128190114126,0.00013739416681302075,COLDSPOT
Western,Effia Kwesimintsim Municipal,Effia Kwesimintsim Municipal,0.9269691086299814,0.35394257347637037,NS,-3.1009640489288555,0.0019289170832823554,COLDSPOT
Western,Ellembelle,Ellembelle,1.0384131050590075,0.29907777094795684,NS,-3.4737745592015483,0.0005131920195551309,COLDSPOT
Western,Jomoro Municipal,Jomoro Municipal,0.41318390500948765,0.6794718793236032,NS,-2.3191506493263567,0.020386869273579578,COLDSPOT
Western,Mpohor,Mpohor,1.2335137867352948,0.21738413623978436,NS,-4.126439458352115,3.6842293561489825e-05,COLDSPOT
Western,Nzema East Municipal,Nzema East Municipal,1.1397615852505052,0.2543856419232653,NS,-3.8128128190114126,0.00013739416681302075,COLDSPOT
Western,Prestea/Huni Valley Municipal,Prestea/Huni Valley Municipal,1.1624808776431184,0.24504018773227054,NS,-3.2431986905645034,0.0011819575386748937,COLDSPOT
Western,"Sekondi Takoradi Metropolitan Area (STMA)- Takoradi, Sekondi & Essikado-Ketan",Sekondi Takoradi Metropolis,1.0384131050590075,0.29907777094795684,NS,-3.4737745592015483,0.0005131920195551309,COLDSPOT
Western,Shama,Shama,0.9546960795348705,0.3397314130456037,NS,-2.432816349185369,0.014981897666423771,COLDSPOT
Western,Tarkwa-Nsuaem Municipal,Tarkwa-Nsuaem Municipal,1.1397615852505052,0.2543856419232653,NS,-3.8128128190114126,0.00013739416681302075,COLDSPOT
Western,Wassa Amenfi Central,Wassa Amenfi Central,0.5889495658189913,0.5558951064559527,NS,-3.305701774511827,0.0009473886404058884,COLDSPOT
Western,Wassa Amenfi East Municipal,Wassa Amenfi East Municipal,0.629734059451795,0.528868594652459,NS,-0.8822281766706954,0.3776534276162251,NS
Western,Wassa Amenfi West Municipal,Wassa Amenfi West Municipal,0.06147078671438331,0.9509842792201146,NS,-2.342972523396361,0.019130791914281353,COLDSPOT
Western,Wassa East,Wassa East,1.1215648253422532,0.26204751436131035,NS,-1.9365921264773662,0.05279522118092683,NS
Western North,Aowin Municipal,Aowin Municipal,-0.34291781608925453,0.731660288245171,NS,-1.3718397120534953,0.1701133416786953,NS
Western North,Bia East,Bia East,-1.6405317117133795,0.10089466047739348,NS,-0.5811118409835138,0.5611650786936413,NS
Western North,Bia West,Bia West,-0.9751226768954739,0.329499411265592,NS,0.02272307994558736,0.9818711654530736,NS
Western North,Bibiani Anhwiaso Bekwai Municipal,Bibiani Anhwiaso Bekwai Municipal,0.16802015035264797,0.8665674267448462,NS,-0.1688414026883932,0.8659213911706125,NS
Western North,Bodi,Bodi,-1.2638050968547625,0.20629999135332344,NS,0.02945018604520653,0.9765055474666511,NS
Western North,Juaboso,Juaboso,-2.1407036392377266,0.03229794485973292,COLDSPOT,-0.3286842840182901,0.7423943344636448,NS
Western North,Sefwi Akontombra,Sefwi Akontombra,-0.9659994831063711,0.3340444396832214,NS,-0.6085317147647366,0.5428348781679457,NS
Western North,Sefwi Wiawso Municipal,Sefwi Wiawso Municipal,-1.01719313035892,0.3090615633808629,NS,-0.877570673343167,0.38017675010777885,NS
Western North,Suaman,Suaman,-1.2638050968547625,0.20629999135332344,NS,0.02945018604520653,0.9765055474666511,NS
