Region,District,GeoJSON_District,BV_Improved_water_pct_X_Diarrhoea_prevalence_pct_I,BV_Improved_water_pct_X_Diarrhoea_prevalence_pct_p,BV_Improved_water_pct_X_Diarrhoea_prevalence_pct_cluster,BV_Improved_sanitation_pct_X_Diarrhoea_prevalence_pct_I,BV_Improved_sanitation_pct_X_Diarrhoea_prevalence_pct_p,BV_Improved_sanitation_pct_X_Diarrhoea_prevalence_pct_cluster,BV_Open_defecation_pct_X_Diarrhoea_prevalence_pct_I,BV_Open_defecation_pct_X_Diarrhoea_prevalence_pct_p,BV_Open_defecation_pct_X_Diarrhoea_prevalence_pct_cluster,BV_Improved_water_pct_X_U5MR_per_1000_I,BV_Improved_water_pct_X_U5MR_per_1000_p,BV_Improved_water_pct_X_U5MR_per_1000_cluster,BV_Improved_sanitation_pct_X_U5MR_per_1000_I,BV_Improved_sanitation_pct_X_U5MR_per_1000_p,BV_Improved_sanitation_pct_X_U5MR_per_1000_cluster,BV_Open_defecation_pct_X_U5MR_per_1000_I,BV_Open_defecation_pct_X_U5MR_per_1000_p,BV_Open_defecation_pct_X_U5MR_per_1000_cluster
Ahafo,Asunafo North Municipal,Asunafo North Municipal,0.2572759831940061,0.214,NS,0.21258121063800403,0.243,NS,0.22992356434626574,0.248,NS,0.521382415692348,0.019,LL,0.4308062639864343,0.016,LL,0.46595139552164744,0.017,LL
Ahafo,Asunafo South,Asunafo South,0.00526085100363945,0.978,NS,0.0043469198385941215,0.98,NS,0.004701541120296814,0.979,NS,0.4083525827016915,0.123,NS,0.3374123201092626,0.115,NS,0.36493838312912363,0.112,NS
Ahafo,Asutifi North,Asutifi North,0.38237045098415184,0.112,NS,0.3159438839695952,0.107,NS,0.3417185541359677,0.103,NS,0.5633867455199569,0.017,LL,0.4655134728597077,0.022,LL,0.5034900149918422,0.024,LL
Ahafo,Asutifi South,Asutifi South,-0.0641346201792151,0.767,NS,-0.052992957338054966,0.759,NS,-0.057316117449172865,0.772,NS,0.3839136998929008,0.083,NS,0.3172190349466308,0.068,NS,0.3430977318010103,0.071,NS
Ahafo,Tano North Municipal,Tano North Municipal,0.1075278611678462,0.646,NS,0.08884779146734019,0.631,NS,0.09609598532793638,0.614,NS,0.39918800164839496,0.062,NS,0.32983983817327567,0.073,NS,0.35674813888108114,0.055,NS
Ahafo,Tano South Municipal,Tano South Municipal,-0.32710693203003244,0.262,NS,-0.27028091295483053,0.27,NS,-0.29233040255453174,0.284,NS,0.10897626829400635,0.72,NS,0.0900445768670238,0.711,NS,0.09739040435973596,0.729,NS
Ashanti,Adansi Asokwa,Adansi Asokwa,0.6868909418417272,0.02,HH,0.855269896377412,0.017,HH,-0.6233362274347704,0.025,LH,0.1354863679648484,0.646,NS,0.1686984131413225,0.64,NS,-0.12295046612436979,0.657,NS
Ashanti,Adansi North,Adansi North,0.6868909418417272,0.023,HH,0.855269896377412,0.028,HH,-0.6233362274347704,0.017,LH,0.1354863679648484,0.663,NS,0.1686984131413225,0.648,NS,-0.12295046612436979,0.645,NS
Ashanti,Adansi South,Adansi South,0.2932504902606763,0.365,NS,0.36513557122385953,0.345,NS,-0.26611743314356595,0.332,NS,0.07792679987520688,0.806,NS,0.09702915265644688,0.796,NS,-0.07071660796695776,0.793,NS
Ashanti,Afigya Kwabre North,Afigya Kwabre North,0.6868909418417272,0.059,NS,0.855269896377412,0.073,NS,-0.6233362274347704,0.075,NS,0.1354863679648484,0.723,NS,0.1686984131413225,0.71,NS,-0.12295046612436979,0.745,NS
Ashanti,Afigya Kwabre South,Afigya Kwabre South,0.686890941841727,0.011,HH,0.8552698963774119,0.021,HH,-0.6233362274347704,0.012,LH,0.1354863679648484,0.61,NS,0.1686984131413225,0.594,NS,-0.12295046612436979,0.606,NS
Ashanti,Ahafo Ano North Municipal,Ahafo Ano North Municipal,-0.10589542218164794,0.778,NS,-0.13185377945631607,0.763,NS,0.09609742820066237,0.767,NS,-0.6933714125259894,0.072,NS,-0.8633389378408864,0.062,NS,0.6292170913423636,0.083,NS
Ashanti,Ahafo Ano South East,Ahafo Ano South East,0.6868909418417272,0.015,HH,0.855269896377412,0.016,HH,-0.6233362274347704,0.029,LH,0.1354863679648484,0.66,NS,0.1686984131413225,0.682,NS,-0.12295046612436979,0.632,NS
Ashanti,Ahafo Ano South West,Ahafo Ano South West,0.2640715476959271,0.422,NS,0.32880393593275703,0.463,NS,-0.2396382777625396,0.418,NS,-0.30657111496359846,0.369,NS,-0.3817215073825223,0.336,NS,0.2782055645245547,0.341,NS
Ashanti,Akrofuom,Adansi Akrofuom,0.6435354375591988,0.011,HH,0.8012865703552551,0.011,HH,-0.5839921993922077,0.016,LH,0.1613881736051871,0.543,NS,0.20094958035951652,0.503,NS,-0.14645570229520521,0.51,NS
Ashanti,Amansie Central,Amansie Central,0.6703745592579068,0.018,HH,0.8347048197975426,0.016,HH,-0.6083480262756988,0.016,LH,0.14535372249450124,0.604,NS,0.1809845720815869,0.592,NS,-0.13190484180849757,0.594,NS
Ashanti,Amansie South,Amansie South,0.5283336690370521,0.101,NS,0.6578451612106664,0.123,NS,-0.47944949630768385,0.113,NS,0.038786293574250646,0.907,NS,0.048294055526731446,0.894,NS,-0.03519758441991756,0.899,NS
Ashanti,Amansie West,Amansie West,0.6868909418417272,0.019,HH,0.855269896377412,0.025,HH,-0.6233362274347704,0.025,LH,0.1354863679648484,0.651,NS,0.1686984131413225,0.667,NS,-0.12295046612436979,0.675,NS
Ashanti,Asante Akim Central Municipal,Asante Akim Central Municipal,0.6868909418417272,0.023,HH,0.855269896377412,0.022,HH,-0.6233362274347704,0.02,LH,0.1354863679648484,0.67,NS,0.1686984131413225,0.651,NS,-0.12295046612436979,0.664,NS
Ashanti,Asante Akim North Municipal,Asante Akim North Municipal,0.366001223070361,0.197,NS,0.4557198371113791,0.194,NS,-0.3321368906299523,0.179,NS,0.0762822407869314,0.804,NS,0.09498145949973613,0.798,NS,-0.0692242120196031,0.801,NS
Ashanti,Asante Akim South Municipal,Asante Akim South Municipal,0.12533393399183645,0.656,NS,0.15605729266185459,0.65,NS,-0.11373738802633884,0.606,NS,0.03187914540349366,0.9,NS,0.03969374426854636,0.895,NS,-0.02892952144102811,0.896,NS
Ashanti,Asokore Mampong Municipal,Asokore Mampong Municipal,0.6868909418417272,0.037,HH,0.855269896377412,0.032,HH,-0.6233362274347704,0.039,LH,0.1354863679648484,0.726,NS,0.1686984131413225,0.695,NS,-0.12295046612436979,0.695,NS
Ashanti,Asokwa Municipal,Asokwa Municipal,0.6868909418417272,0.071,NS,0.855269896377412,0.061,NS,-0.6233362274347704,0.061,NS,0.1354863679648484,0.749,NS,0.1686984131413225,0.746,NS,-0.12295046612436979,0.694,NS
Ashanti,Atwima Kwanwoma,Atwima Kwanwoma,0.6868909418417272,0.036,HH,0.855269896377412,0.037,HH,-0.6233362274347704,0.034,LH,0.13548636796484842,0.69,NS,0.16869841314132253,0.674,NS,-0.12295046612436981,0.69,NS
Ashanti,Atwima Mponua,Atwima Mponua,0.3015086815525865,0.228,NS,0.3754181095137942,0.251,NS,-0.2736115337231017,0.204,NS,-0.23289486780885735,0.331,NS,-0.2899848539618815,0.342,NS,0.2113462260830673,0.348,NS
Ashanti,Atwima Nwabiagya North,Atwima Nwabiagya North,0.6868909418417272,0.036,HH,0.855269896377412,0.031,HH,-0.6233362274347704,0.028,LH,0.13548636796484842,0.677,NS,0.16869841314132253,0.699,NS,-0.12295046612436981,0.687,NS
Ashanti,Atwima Nwabiagya South Municipal,Atwima Nwabiagya South Municipal,0.6868909418417272,0.011,HH,0.855269896377412,0.012,HH,-0.6233362274347704,0.011,LH,0.1354863679648484,0.631,NS,0.1686984131413225,0.647,NS,-0.12295046612436979,0.613,NS
Ashanti,Bekwai Municipal,Bekwai Municipal,0.6868909418417272,0.02,HH,0.855269896377412,0.02,HH,-0.6233362274347704,0.02,LH,0.1354863679648484,0.638,NS,0.1686984131413225,0.642,NS,-0.12295046612436979,0.667,NS
Ashanti,Bosome Freho,Bosome Freho,0.5621004956528625,0.023,HH,0.6998893177739547,0.025,HH,-0.5100920408995633,0.02,LH,0.11246254072899178,0.629,NS,0.14003070894737224,0.626,NS,-0.10205692286140497,0.631,NS
Ashanti,Bosomtwi,Bosomtwe,0.6868909418417272,0.017,HH,0.855269896377412,0.019,HH,-0.6233362274347704,0.018,LH,0.1354863679648484,0.659,NS,0.1686984131413225,0.649,NS,-0.12295046612436979,0.644,NS
Ashanti,Ejisu Municipal,Ejisu Municipal,0.6868909418417272,0.01,HH,0.855269896377412,0.017,HH,-0.6233362274347704,0.011,LH,0.1354863679648484,0.617,NS,0.1686984131413225,0.616,NS,-0.12295046612436979,0.618,NS
Ashanti,Ejura Sekyedumase Municipal,Ejura Sekyedumase Municipal,0.6483527158128132,0.007,HH,0.8072847176910503,0.007,HH,-0.5883637580636036,0.005,LH,0.20455784967241822,0.401,NS,0.2547015257231732,0.376,NS,-0.18563109591326424,0.38,NS
Ashanti,Juaben Municipal,Juaben Municipal,0.6868909418417272,0.037,HH,0.855269896377412,0.038,HH,-0.6233362274347704,0.034,LH,0.1354863679648484,0.713,NS,0.1686984131413225,0.695,NS,-0.12295046612436979,0.719,NS
Ashanti,"Kumasi Metropolitan Area (KMA)-Bantama, Manhyia North, Manhyia South, Nhyiaeso, & Subin",Kumasi Metropolitan,0.6868909418417272,0.02,HH,0.855269896377412,0.024,HH,-0.6233362274347704,0.017,LH,0.1354863679648484,0.675,NS,0.1686984131413225,0.615,NS,-0.12295046612436979,0.629,NS
Ashanti,Kwabre East,Kwabre East,0.6868909418417272,0.028,HH,0.855269896377412,0.018,HH,-0.6233362274347704,0.02,LH,0.1354863679648484,0.63,NS,0.1686984131413225,0.637,NS,-0.12295046612436979,0.655,NS
Ashanti,Kwadaso Municipal,Kwadaso Municipal,0.6868909418417272,0.033,HH,0.855269896377412,0.04,HH,-0.6233362274347704,0.029,LH,0.1354863679648484,0.692,NS,0.1686984131413225,0.694,NS,-0.12295046612436979,0.672,NS
Ashanti,Mampong Municipal,Mampong Municipal,0.6868909418417272,0.069,NS,0.855269896377412,0.07,NS,-0.6233362274347704,0.063,NS,0.1354863679648484,0.715,NS,0.1686984131413225,0.726,NS,-0.12295046612436979,0.721,NS
Ashanti,Obuasi East,Obuasi East,0.6868909418417272,0.066,NS,0.855269896377412,0.062,NS,-0.6233362274347704,0.063,NS,0.1354863679648484,0.738,NS,0.1686984131413225,0.742,NS,-0.12295046612436979,0.723,NS
Ashanti,Obuasi Municipal,Obuasi Municipal,0.6868909418417272,0.073,NS,0.855269896377412,0.071,NS,-0.6233362274347704,0.058,NS,0.1354863679648484,0.747,NS,0.1686984131413225,0.724,NS,-0.12295046612436979,0.731,NS
Ashanti,Offinso Municipal,Offinso Municipal,0.6868909418417272,0.021,HH,0.855269896377412,0.016,HH,-0.6233362274347704,0.021,LH,0.1354863679648484,0.628,NS,0.1686984131413225,0.636,NS,-0.12295046612436979,0.652,NS
Ashanti,Offinso North,Offinso North,0.230625872963691,0.372,NS,0.28715965585852166,0.406,NS,-0.2092871704154198,0.393,NS,-0.16670136450576958,0.509,NS,-0.20756520440427453,0.508,NS,0.15127728920204345,0.515,NS
Ashanti,Oforikrom Municipal,Oforikrom Municipal,0.6868909418417272,0.035,HH,0.855269896377412,0.039,HH,-0.6233362274347704,0.041,LH,0.1354863679648484,0.68,NS,0.1686984131413225,0.704,NS,-0.12295046612436979,0.713,NS
Ashanti,Old Tafo Municipal,Old Tafo Municipal,0.6868909418417272,0.029,HH,0.855269896377412,0.033,HH,-0.6233362274347704,0.033,LH,0.1354863679648484,0.672,NS,0.1686984131413225,0.684,NS,-0.12295046612436979,0.709,NS
Ashanti,Sekyere Afram Plains,Sekyere Afram Plains North,0.4768969347045831,0.09,NS,0.5937996370047876,0.086,NS,-0.4327719555551468,0.097,NS,0.19469049514276535,0.486,NS,0.24241536678290881,0.478,NS,-0.17667672022913644,0.471,NS
Ashanti,Sekyere Central,Sekyere Central,0.6637680062243787,0.044,HH,0.8264787891655949,0.037,HH,-0.6023527458120703,0.04,LH,0.1769292569893903,0.598,NS,0.22030028069043298,0.579,NS,-0.16055884399770648,0.581,NS
Ashanti,Sekyere East,Sekyere East,0.6868909418417272,0.042,HH,0.855269896377412,0.035,HH,-0.6233362274347704,0.03,LH,0.1354863679648484,0.707,NS,0.1686984131413225,0.691,NS,-0.12295046612436979,0.699,NS
Ashanti,Sekyere Kumawu,Sekyere Kumawu,0.6868909418417272,0.02,HH,0.855269896377412,0.025,HH,-0.6233362274347704,0.018,LH,0.1354863679648484,0.646,NS,0.1686984131413225,0.677,NS,-0.12295046612436979,0.64,NS
Ashanti,Sekyere South,Sekyere South,0.6868909418417272,0.004,HH,0.855269896377412,0.005,HH,-0.6233362274347704,0.008,LH,0.1354863679648484,0.603,NS,0.1686984131413225,0.591,NS,-0.12295046612436979,0.618,NS
Ashanti,Suame Municipal,Suame Municipal,0.6868909418417272,0.022,HH,0.855269896377412,0.023,HH,-0.6233362274347704,0.016,LH,0.1354863679648484,0.636,NS,0.1686984131413225,0.655,NS,-0.12295046612436979,0.64,NS
Bono,Banda,Banda,0.03128187501957826,0.782,NS,0.03298917940407713,0.824,NS,-0.048866623847260815,0.85,NS,0.020805226760374752,0.887,NS,0.02194073589613627,0.899,NS,-0.032500647404284155,0.871,NS
Bono,Berekum East Municipal,Berekum East Municipal,-0.24440064121721902,0.043,HL,-0.25773955667747644,0.035,HL,0.381787670813097,0.036,LL,-0.1922907321792215,0.11,NS,-0.20278558934307792,0.112,NS,0.30038477146383885,0.109,NS
Bono,Berekum West,Berekum West,-0.24440064121721905,0.099,NS,-0.2577395566774765,0.092,NS,0.38178767081309706,0.1,NS,-0.1922907321792215,0.177,NS,-0.20278558934307792,0.168,NS,0.30038477146383885,0.201,NS
Bono,Dormaa Central Municipal,Dormaa Municipal,-0.21173683597589235,0.066,NS,-0.22329302396639192,0.078,NS,0.3307622804504954,0.068,NS,-0.2560373865628614,0.035,HL,-0.2700114131325864,0.036,HL,0.3999658796722517,0.044,LL
Bono,Dormaa East,Dormaa East,-0.2280687385965557,0.05,NS,-0.2405162903219342,0.058,NS,0.3562749756317962,0.051,NS,-0.22416405937104145,0.076,NS,-0.23639850123783218,0.052,NS,0.35017532556804526,0.047,LL
Bono,Dormaa West,Dormaa West,-0.1289885293645314,0.464,NS,-0.1360284744316444,0.459,NS,0.20149795819857122,0.438,NS,-0.24693072165091284,0.145,NS,-0.2604077240197995,0.13,NS,0.3857400070710499,0.146,NS
Bono,Jaman North,Jaman North,-0.24440064121721905,0.095,NS,-0.2577395566774765,0.112,NS,0.38178767081309706,0.102,NS,-0.1922907321792215,0.191,NS,-0.20278558934307792,0.155,NS,0.30038477146383885,0.204,NS
Bono,Jaman South,Jaman South,-0.24440064121721905,0.099,NS,-0.2577395566774765,0.107,NS,0.38178767081309706,0.117,NS,-0.1922907321792215,0.2,NS,-0.20278558934307792,0.183,NS,0.30038477146383885,0.175,NS
Bono,Sunyani Municipal,Sunyani Municipal,-0.19540493335522902,0.199,NS,-0.20606975761084967,0.206,NS,0.3052495852691946,0.198,NS,-0.2879107137546813,0.059,NS,-0.3036243250273407,0.053,NS,0.44975643377645813,0.045,LL
Bono,Sunyani West Municipal,Sunyani West Municipal,-0.10884584946571325,0.309,NS,-0.11478644592647558,0.309,NS,0.17003230080830023,0.317,NS,-0.14448074139149159,0.182,NS,-0.15236622150094656,0.148,NS,0.2256989403075292,0.147,NS
Bono,Tain,Tain,-0.24440064121721905,0.063,NS,-0.2577395566774765,0.051,NS,0.38178767081309706,0.066,NS,-0.19229073217922146,0.158,NS,-0.2027855893430779,0.129,NS,0.3003847714638388,0.16,NS
Bono,Wenchi Municipal,Wenchi Municipal,-0.009221243479666805,0.936,NS,-0.009724521157667674,0.946,NS,0.014404860202365172,0.935,NS,-0.02837076376414747,0.815,NS,-0.029919185312913175,0.818,NS,0.044319064642205794,0.821,NS
Bono East,Atebubu Amantin Municipal,Atebubu Amantin Municipal,-0.22760879081510893,0.029,LH,-0.28194614068097745,0.023,LH,0.4201749389690319,0.021,HH,-0.09308357375488853,0.318,NS,-0.1153055393291154,0.336,NS,0.1718360032642615,0.345,NS
Bono East,Kintampo North Municipal,Kintampo North Municipal,-0.45286533688732156,0.001,LH,-0.5609784820977802,0.001,LH,0.8360075399828942,0.001,HH,-0.35355061421699835,0.002,LH,-0.4379542233711246,0.004,LH,0.6526685863893702,0.006,HH
Bono East,Kintampo South,Kintampo South,-0.14283482186320098,0.174,NS,-0.17693396918003015,0.162,NS,0.2636787988025246,0.167,NS,-0.09308357375488853,0.374,NS,-0.1153055393291154,0.364,NS,0.1718360032642615,0.35,NS
Bono East,Nkoranza North,Nkoranza North,-0.21549822382197922,0.037,LH,-0.2669444018951278,0.027,LH,0.3978183475166737,0.039,HH,-0.11478916046006435,0.261,NS,-0.14219292966594949,0.259,NS,0.21190538519135388,0.258,NS
Bono East,Nkoranza South Municipal,Nkoranza South Municipal,-0.2306364325633914,0.095,NS,-0.28569657537743987,0.086,NS,0.4257640868321215,0.081,NS,-0.08765717707859459,0.501,NS,-0.10858369174490688,0.493,NS,0.1618186577824884,0.494,NS
Bono East,Pru East,Pru East,-0.3717245380333525,0.004,LH,-0.4604668322325879,0.002,LH,0.6862183772520944,0.002,HH,-0.27758106074888295,0.026,LH,-0.34384835719220525,0.029,LH,0.5124257496445468,0.019,HH
Bono East,Pru West,Pru West,-0.27706027270372197,0.009,LH,-0.34320324072319675,0.013,LH,0.5114643540661612,0.015,HH,-0.1889499150360817,0.087,NS,-0.23405817998346598,0.09,NS,0.3488091067755862,0.086,NS
Bono East,Sene East,Sene East,-0.1529269610241424,0.094,NS,-0.18943541816823817,0.085,NS,0.28230929167948976,0.096,NS,-0.39575592169928453,0.001,LH,-0.49023526013719076,0.001,LH,0.7305812734698275,0.001,HH
Bono East,Sene West,Sene West,-0.2990611360745743,0.01,LH,-0.3704563995174902,0.013,LH,0.5520788285379453,0.01,HH,-0.18641759658714455,0.119,NS,-0.23092131777750205,0.116,NS,0.3441343455507588,0.112,NS
Bono East,Techiman Municipal,Techiman Municipal,-0.07118063382051687,0.528,NS,-0.08817368136375328,0.547,NS,0.13140229937607198,0.542,NS,-0.011687623610479236,0.909,NS,-0.014477825565987533,0.919,NS,0.021575821037665043,0.932,NS
Bono East,Techiman North,Techiman North,-0.10044783738724704,0.487,NS,-0.12442788342955655,0.467,NS,0.185430728719271,0.476,NS,-0.04967240034453692,0.72,NS,-0.061530758655447215,0.712,NS,0.09169723941007674,0.743,NS
Central,Abura Asebu Kwamankese,Abura Asebu Kwamankese,0.195930492562485,0.076,NS,0.26300071527030017,0.071,NS,-0.346490073196096,0.09,NS,0.07015716000591479,0.515,NS,0.09417310711350393,0.564,NS,-0.12406828150001831,0.521,NS
Central,Agona East,Agona East,0.05771376346024939,0.614,NS,0.07747013174146837,0.614,NS,-0.10206296051333907,0.621,NS,0.03225407096375821,0.812,NS,0.04329516872490957,0.779,NS,-0.05703918396234604,0.8,NS
Central,Agona West Municipal,Agona West Municipal,0.08074988497728865,0.464,NS,0.10839189566294032,0.442,NS,-0.14280081262713187,0.42,NS,0.0385712524707843,0.714,NS,0.05177482512300863,0.718,NS,-0.06821070021862476,0.704,NS
Central,Ajumako Enyan Essiam,Ajumako Enyan Essiam,0.19593049256248496,0.062,NS,0.2630007152703001,0.05,NS,-0.3464900731960959,0.054,NS,0.07015716000591479,0.472,NS,0.09417310711350393,0.478,NS,-0.12406828150001831,0.481,NS
Central,Asikuma Odoben Brakwa,Asikuma Odoben Brakwa,0.14656737502597228,0.106,NS,0.19673979258143165,0.153,NS,-0.2591946758093971,0.129,NS,0.056620342490858865,0.539,NS,0.07600241483186308,0.55,NS,-0.10012931809370679,0.522,NS
Central,Assin Central Municipal,Assin Fosu,0.195930492562485,0.122,NS,0.26300071527030017,0.118,NS,-0.346490073196096,0.113,NS,0.07015716000591479,0.597,NS,0.09417310711350393,0.591,NS,-0.12406828150001831,0.576,NS
Central,Assin North,Assin North,0.11945812195264152,0.184,NS,0.16035059733426615,0.204,NS,-0.21125376085112801,0.184,NS,0.040545371691729955,0.64,NS,0.05442471774741458,0.63,NS,-0.07170179904871185,0.62,NS
Central,Assin South,Assin South,0.19593049256248496,0.051,NS,0.2630007152703001,0.06,NS,-0.3464900731960959,0.041,LH,0.07015716000591479,0.472,NS,0.09417310711350393,0.463,NS,-0.12406828150001831,0.481,NS
Central,Awutu Senya West,Awutu Senya,0.03278943526148561,0.8,NS,0.04401379700676103,0.79,NS,-0.0579859401934977,0.783,NS,-0.07197942390217239,0.526,NS,-0.09661916184372492,0.501,NS,0.1272908342662527,0.534,NS
Central,Awutu Senya East Municipal,Awutu Senya East Municipal,0.07838962662513302,0.568,NS,0.10522368214639612,0.572,NS,-0.1386268523695712,0.574,NS,-0.0838241392278463,0.51,NS,-0.11251851759016063,0.484,NS,0.14823742724677524,0.511,NS
Central,Cape Cape Metropolitan Area (CCMA)-Cape Coast South & Cape Coast North,Cape Coast Metropolitan,0.19593049256248496,0.195,NS,0.2630007152703001,0.217,NS,-0.3464900731960959,0.197,NS,0.07015716000591479,0.601,NS,0.09417310711350393,0.606,NS,-0.12406828150001831,0.636,NS
Central,Effutu Municipal,Effutu Municipal,0.19593049256248496,0.198,NS,0.2630007152703001,0.191,NS,-0.3464900731960959,0.18,NS,0.07015716000591479,0.617,NS,0.09417310711350393,0.628,NS,-0.12406828150001831,0.604,NS
Central,Ekumfi,Ekumfi,0.19593049256248496,0.191,NS,0.2630007152703001,0.197,NS,-0.3464900731960959,0.186,NS,0.07015716000591479,0.587,NS,0.09417310711350393,0.647,NS,-0.12406828150001831,0.627,NS
Central,Gomoa Central,Gomoa Central,0.19593049256248496,0.206,NS,0.2630007152703001,0.213,NS,-0.3464900731960959,0.206,NS,0.07015716000591479,0.607,NS,0.09417310711350393,0.587,NS,-0.12406828150001831,0.607,NS
Central,Gomoa East,Gomoa East,0.137160059593809,0.104,NS,0.18411219870834813,0.118,NS,-0.2425584627828336,0.12,NS,-0.006833489610965765,0.95,NS,-0.009172705238328357,0.934,NS,0.012084572873378475,0.941,NS
Central,Gomoa West,Gomoa West,0.19593049256248496,0.05,NS,0.2630007152703001,0.05,NS,-0.3464900731960959,0.052,NS,0.07015716000591479,0.503,NS,0.09417310711350393,0.468,NS,-0.12406828150001831,0.476,NS
Central,Komenda Edina Eguafo Abirem Municipal,Komenda Edina Eguafo Abirem Municipal,-0.09862974978654164,0.459,NS,-0.13239233159442323,0.428,NS,0.17442016694748422,0.463,NS,0.09384659065726264,0.444,NS,0.12597181860637538,0.455,NS,-0.16596146746106347,0.456,NS
Central,Mfantsiman Municipal,Mfantseman Municipal,0.19593049256248496,0.184,NS,0.2630007152703001,0.205,NS,-0.3464900731960959,0.176,NS,0.07015716000591479,0.611,NS,0.09417310711350393,0.627,NS,-0.12406828150001831,0.604,NS
Central,Twifo Ati Morkwa,Twifo Atti-Morkwa,-0.024989689199284987,0.768,NS,-0.033544069878242384,0.795,NS,0.04419260691158917,0.757,NS,0.08792423299442567,0.297,NS,0.11802214073315752,0.31,NS,-0.15548817097080217,0.324,NS
Central,Twifo Heman Lower Denkyira,Twifo Hemang Lower Denkyira,0.09774374511280944,0.355,NS,0.13120303298205901,0.339,NS,-0.17285332648156923,0.337,NS,0.0780536368896974,0.411,NS,0.10477267761112774,0.453,NS,-0.13803267682036668,0.451,NS
Central,Upper Denkyira East Municipal,Upper Denkyira East Municipal,0.08603686368611736,0.479,NS,0.1154886939399995,0.444,NS,-0.152150483604068,0.462,NS,0.07489504613618436,0.501,NS,0.10053284941207823,0.484,NS,-0.13244691869222736,0.507,NS
Central,Upper Denkyira West,Upper Denkyira West,0.08547040168159999,0.433,NS,0.11472832269602887,0.42,NS,-0.15114873314225338,0.403,NS,0.030674775587001678,0.779,NS,0.0411752546253848,0.788,NS,-0.05424630489827636,0.788,NS
Eastern,Abuakwa North Municipal,Abuakwa North Municipal,0.02808795087916483,0.247,NS,-0.27360447050100717,0.261,NS,0.42806312416184467,0.243,NS,0.004618496426721626,0.868,NS,-0.044988731103247255,0.863,NS,0.07038633817959594,0.863,NS
Eastern,Abuakwa South Municipal,Abuakwa South Municipal,0.02808795087916483,0.157,NS,-0.27360447050100717,0.145,NS,0.42806312416184467,0.147,NS,0.004618496426721625,0.822,NS,-0.04498873110324725,0.814,NS,0.07038633817959593,0.84,NS
Eastern,Achiase,Achiase,-0.01083515099445284,0.645,NS,0.1055451059206594,0.601,NS,-0.1651287630558798,0.592,NS,-0.006055361981701669,0.804,NS,0.05898522522425734,0.792,NS,-0.09228431005769219,0.788,NS
Eastern,Akwapim North Municipal,Akwapem North,0.03477263660297114,0.047,LL,-0.33871993249379917,0.054,NS,0.5299383897261688,0.038,LL,0.032573839877354065,0.074,NS,-0.3173014738657593,0.07,NS,0.4964285121343982,0.072,NS
Eastern,Akwapim South Municipal,Akwapem South,0.04145732232677745,0.017,LL,-0.40383539448659117,0.013,HL,0.631813655290493,0.02,LL,0.0605291833279865,0.003,LL,-0.5896142166282713,0.004,HL,0.9224706860892004,0.004,LL
Eastern,Akyemansa,Akyem Mansa,0.000969396295086947,0.952,NS,-0.00944288037115752,0.953,NS,0.014773694542938283,0.951,NS,-0.00038487470222679467,0.972,NS,0.003749060925270532,0.98,NS,-0.0058655281816328815,0.981,NS
Eastern,Asene Manso Akroso,Asene Akroso Manso,0.011869991765157469,0.484,NS,-0.11562548032531277,0.479,NS,0.18089983782112615,0.455,NS,0.0001710554232119185,0.999,NS,-0.0016662493001203317,0.995,NS,0.0026069014140592075,0.996,NS
Eastern,Asuogyaman,Asuogyaman,0.02861968724355852,0.14,NS,-0.27878410952316107,0.144,NS,0.43616683846809773,0.138,NS,-0.006500106082052639,0.756,NS,0.06331747340457003,0.762,NS,-0.09906225373424586,0.746,NS
Eastern,Atiwa East,Atiwa East,0.02808795087916483,0.114,NS,-0.27360447050100717,0.127,NS,0.42806312416184467,0.117,NS,0.004618496426721626,0.809,NS,-0.044988731103247255,0.799,NS,0.07038633817959594,0.813,NS
Eastern,Atiwa West,Atiwa West,0.02808795087916483,0.123,NS,-0.27360447050100717,0.105,NS,0.42806312416184467,0.122,NS,0.004618496426721626,0.791,NS,-0.044988731103247255,0.799,NS,0.07038633817959594,0.805,NS
Eastern,Ayensuano,Ayensuano,0.02808795087916483,0.085,NS,-0.27360447050100717,0.097,NS,0.42806312416184467,0.099,NS,0.004618496426721626,0.797,NS,-0.044988731103247255,0.764,NS,0.07038633817959594,0.784,NS
Eastern,Birim Central Municipal,Birim Central Municipal,0.02808795087916483,0.262,NS,-0.27360447050100717,0.242,NS,0.42806312416184467,0.218,NS,0.004618496426721626,0.851,NS,-0.044988731103247255,0.874,NS,0.07038633817959594,0.887,NS
Eastern,Birim North,Birim North,0.013624721767656629,0.554,NS,-0.1327182890984207,0.515,NS,0.2076420950317613,0.533,NS,0.0019500318246158017,0.94,NS,-0.018995242021371105,0.937,NS,0.02971867612027391,0.926,NS
Eastern,Birim South,Birim South,0.00522328721023642,0.785,NS,-0.05087999254838885,0.783,NS,0.07960340899296282,0.779,NS,-0.0005701847440396988,0.973,NS,0.005554164333734151,0.977,NS,-0.008689671380196908,0.978,NS
Eastern,Denkyembuor,Denkyembour,0.02808795087916483,0.139,NS,-0.27360447050100717,0.164,NS,0.42806312416184467,0.132,NS,0.004618496426721626,0.836,NS,-0.044988731103247255,0.83,NS,0.07038633817959594,0.815,NS
Eastern,Fanteakwa North,Fanteakwa North,0.02808795087916483,0.19,NS,-0.27360447050100717,0.2,NS,0.42806312416184467,0.176,NS,0.004618496426721626,0.859,NS,-0.044988731103247255,0.849,NS,0.07038633817959596,0.856,NS
Eastern,Fanteakwa South,Fanteakwa South,0.02808795087916483,0.113,NS,-0.27360447050100717,0.123,NS,0.42806312416184467,0.121,NS,0.004618496426721626,0.804,NS,-0.044988731103247255,0.809,NS,0.07038633817959594,0.814,NS
Eastern,Kwaebibirem Municipal,Kwaebibirem Municipal,0.02808795087916483,0.172,NS,-0.27360447050100717,0.18,NS,0.42806312416184467,0.208,NS,0.004618496426721626,0.841,NS,-0.044988731103247255,0.849,NS,0.07038633817959596,0.837,NS
Eastern,Kwahu Afram Plains North,Kwahu Afram Plains North,0.013465200858338522,0.441,NS,-0.13116439739177452,0.421,NS,0.20521098073988533,0.43,NS,-0.02373393997065275,0.15,NS,0.2311920903916868,0.139,NS,-0.36170757120070063,0.141,NS
Eastern,Kwahu Afram Plains South,Kwahu Afram Plains South,0.0018999349327758945,0.898,NS,-0.018507248659926877,0.907,NS,0.02895519457888116,0.902,NS,-0.0020526650785429343,0.894,NS,0.01999499160144312,0.9,NS,-0.031282816968709146,0.887,NS
Eastern,Kwahu East,Kwahu East,-0.0008385073438515773,0.973,NS,0.008167892304165775,0.968,NS,-0.012778934098322122,0.973,NS,-0.0007184327774900225,0.982,NS,0.006998247060505049,0.981,NS,-0.010948985939048134,0.974,NS
Eastern,Kwahu South Municipal,Kwahu South Municipal,0.02808795087916483,0.2,NS,-0.27360447050100717,0.182,NS,0.42806312416184467,0.183,NS,0.004618496426721626,0.861,NS,-0.044988731103247255,0.841,NS,0.07038633817959596,0.856,NS
Eastern,Kwahu West Municipal,Kwahu West Municipal,0.013624721767656629,0.532,NS,-0.1327182890984207,0.527,NS,0.2076420950317613,0.529,NS,0.0019500318246158017,0.938,NS,-0.018995242021371105,0.95,NS,0.02971867612027391,0.938,NS
Eastern,Lower Manya Krobo Municipal,Lower Manya,0.028353819061361675,0.22,NS,-0.2761942900120841,0.222,NS,0.4321149813149712,0.238,NS,-0.000940804827665507,0.974,NS,0.009164371150661387,0.968,NS,-0.014337957777324958,0.98,NS
Eastern,New Juaben North Municipal,New Juaben North Municipal,0.02808795087916483,0.169,NS,-0.27360447050100717,0.198,NS,0.42806312416184467,0.182,NS,0.004618496426721626,0.853,NS,-0.044988731103247255,0.843,NS,0.07038633817959596,0.847,NS
Eastern,New Juaben South Municipal,New Juaben South Municipal,0.02808795087916483,0.197,NS,-0.27360447050100717,0.18,NS,0.42806312416184467,0.187,NS,0.004618496426721626,0.854,NS,-0.044988731103247255,0.861,NS,0.07038633817959596,0.852,NS
Eastern,Nsawam Adoagyiri Municipal,Nsawam Adoagyiri Municipal,0.03744651089249367,0.069,NS,-0.364766117290916,0.082,NS,0.5706884959518986,0.077,NS,0.04375597725760705,0.038,LL,-0.42622657097076416,0.041,HL,0.6668453817163192,0.042,LL
Eastern,Okere,Okere,0.03393705088749535,0.149,NS,-0.3305804997447002,0.169,NS,0.5172039815306284,0.152,NS,0.02907942194602501,0.227,NS,-0.2832623810204453,0.214,NS,0.44317324039004796,0.206,NS
Eastern,Suhum Municipal,Suhum Municipal,0.02808795087916483,0.157,NS,-0.27360447050100717,0.198,NS,0.42806312416184467,0.181,NS,0.004618496426721626,0.845,NS,-0.044988731103247255,0.836,NS,0.07038633817959596,0.838,NS
Eastern,Upper Manya Krobo,Upper Manya,0.02808795087916483,0.107,NS,-0.27360447050100717,0.103,NS,0.42806312416184467,0.113,NS,0.004618496426721626,0.793,NS,-0.044988731103247255,0.791,NS,0.07038633817959594,0.808,NS
Eastern,Upper West Akim,Upper West Akim,0.01771909177348799,0.301,NS,-0.1726015095690058,0.298,NS,0.27004069518990986,0.303,NS,0.024631980942515307,0.129,NS,-0.2399398992173184,0.137,NS,0.37539380362451125,0.129,NS
Eastern,West Akim Municipal,West Akim Municipal,0.02808795087916483,0.184,NS,-0.27360447050100717,0.173,NS,0.42806312416184467,0.203,NS,0.004618496426721626,0.859,NS,-0.044988731103247255,0.867,NS,0.07038633817959596,0.842,NS
Eastern,Yilo Krobo Municipal,Yilo Krobo Municipal,0.031012500883330095,0.057,NS,-0.3020924851228537,0.057,NS,0.47263355284623654,0.068,NS,0.01684895918637332,0.302,NS,-0.16412555606184628,0.313,NS,0.2567797892848219,0.316,NS
Greater Accra,Ablekuma Central Municipal,Ablekuma Central Municipal,-0.9782026673372618,0.048,HL,-1.3266195293953107,0.06,NS,0.8300301511410668,0.057,NS,-1.9467817715747888,0.001,HL,-2.640187768728994,0.002,HL,1.65189446119326,0.002,LL
Greater Accra,Ablekuma North Municipal,Ablekuma North Municipal,-0.9782026673372618,0.001,HL,-1.3266195293953107,0.003,HL,0.8300301511410668,0.002,LL,-1.9467817715747888,0.001,HL,-2.640187768728994,0.001,HL,1.65189446119326,0.001,LL
Greater Accra,Ablekuma West Municipal,Ablekuma West Municipal,-0.9782026673372618,0.024,HL,-1.3266195293953107,0.033,HL,0.8300301511410668,0.024,LL,-1.9467817715747888,0.001,HL,-2.640187768728994,0.002,HL,1.65189446119326,0.001,LL
Greater Accra,"Accra Metropolitan Area (AMA)-Ablekuma South, Ashiedu Keteke & Okaikoi South",Accra Metropolis,-0.9782026673372618,0.074,NS,-1.3266195293953107,0.069,NS,0.8300301511410668,0.061,NS,-1.9467817715747888,0.001,HL,-2.640187768728994,0.001,HL,1.65189446119326,0.002,LL
Greater Accra,Ada East,Ada East,-0.695318921479819,0.225,NS,-0.9429780670135731,0.214,NS,0.589996008759762,0.2,NS,-0.4257569483744531,0.404,NS,-0.577403335064271,0.375,NS,0.3612657335831671,0.375,NS
Greater Accra,Ada West,Ada West,-0.8084724198227963,0.039,HL,-1.0964346519662682,0.042,HL,0.6860096657122841,0.036,LL,-1.0341668776545874,0.015,HL,-1.4025171085301602,0.019,HL,0.8775172246272043,0.018,LL
Greater Accra,Adentan Municipal,Adenta Municipal,-0.9782026673372618,0.035,HL,-1.3266195293953107,0.025,HL,0.8300301511410668,0.027,LL,-1.9467817715747888,0.001,HL,-2.640187768728994,0.001,HL,1.65189446119326,0.001,LL
Greater Accra,Ashaiman Municipal,Ashaiman Municipal,-0.9782026673372618,0.056,NS,-1.3266195293953107,0.055,NS,0.8300301511410668,0.056,NS,-1.9467817715747888,0.001,HL,-2.640187768728994,0.003,HL,1.65189446119326,0.002,LL
Greater Accra,Ayawaso Central Municipal,Ayawaso Central Municipal,-0.9782026673372618,0.022,HL,-1.3266195293953107,0.03,HL,0.8300301511410668,0.024,LL,-1.9467817715747888,0.001,HL,-2.640187768728994,0.001,HL,1.65189446119326,0.001,LL
Greater Accra,Ayawaso East Municipal,Ayawaso East Municipal,-0.9782026673372618,0.011,HL,-1.3266195293953107,0.015,HL,0.8300301511410668,0.014,LL,-1.9467817715747888,0.001,HL,-2.640187768728994,0.001,HL,1.65189446119326,0.001,LL
Greater Accra,Ayawaso North Municipal,Ayawaso North Municipal,-0.9782026673372618,0.018,HL,-1.3266195293953107,0.008,HL,0.8300301511410668,0.016,LL,-1.9467817715747888,0.001,HL,-2.640187768728994,0.001,HL,1.65189446119326,0.001,LL
Greater Accra,Ayawaso West Municipal,Ayawaso West Municipal,-0.9782026673372618,0.001,HL,-1.3266195293953107,0.003,HL,0.8300301511410668,0.001,LL,-1.9467817715747884,0.001,HL,-2.6401877687289934,0.001,HL,1.6518944611932596,0.001,LL
Greater Accra,Ga Central Municipal,Ga Central Municipal,-0.9782026673372618,0.03,HL,-1.3266195293953107,0.019,HL,0.8300301511410668,0.029,LL,-1.9467817715747888,0.001,HL,-2.640187768728994,0.001,HL,1.65189446119326,0.001,LL
Greater Accra,Ga East Municipal,Ga East Municipal,-0.8892963472106371,0.031,HL,-1.2060464983610504,0.019,HL,0.7545908492497997,0.031,LL,-1.5749757036813736,0.001,HL,-2.135951573833173,0.002,HL,1.3364074388885707,0.001,LL
Greater Accra,Ga North Municipal,Ga North Municipal,-0.8003900270840122,0.047,HL,-1.08547346732679,0.056,NS,0.6791515473585324,0.044,LL,-1.2031696357879582,0.006,HL,-1.6317153789373517,0.004,HL,1.0209204165838814,0.003,LL
Greater Accra,Ga South Municipal,Ga South Municipal,-0.5538770485510977,0.18,NS,-0.7511573358227044,0.17,NS,0.4699789375691097,0.165,NS,-1.1355685325346099,0.007,HL,-1.5400360707744751,0.008,HL,0.9635591398012104,0.007,LL
Greater Accra,Ga West Municipal,Ga West Municipal,-0.8300254671262204,0.022,HL,-1.1256644776715434,0.022,HL,0.7042979813222882,0.019,LL,-1.3271049917524298,0.001,HL,-1.799794110569292,0.001,HL,1.126082757352111,0.001,LL
Greater Accra,Korle Klottey Municipal,Korle Klottey Municipal,-0.9782026673372618,0.012,HL,-1.3266195293953107,0.012,HL,0.8300301511410668,0.016,LL,-1.9467817715747888,0.001,HL,-2.640187768728994,0.001,HL,1.65189446119326,0.001,LL
Greater Accra,Kpone Katamanso Municipal,Kpone Katamanso Municipal,-0.8794178671965676,0.004,HL,-1.1926494949127993,0.003,HL,0.7462087045952144,0.004,LL,-1.5336639183598828,0.001,HL,-2.0799253299558593,0.001,HL,1.3013533252991607,0.001,LL
Greater Accra,Krowor Municipal,Krowor Municipal,-0.9782026673372618,0.134,NS,-1.3266195293953107,0.14,NS,0.8300301511410668,0.131,NS,-1.9467817715747888,0.021,HL,-2.640187768728994,0.013,HL,1.65189446119326,0.022,LL
Greater Accra,La Dade-Kotopon Municipal,La Dade-Kotopon Municipal,-0.9782026673372618,0.023,HL,-1.3266195293953107,0.03,HL,0.8300301511410668,0.027,LL,-1.9467817715747888,0.001,HL,-2.640187768728994,0.001,HL,1.65189446119326,0.001,LL
Greater Accra,La Nkwantanang Madina Municipal,La Nkwantanang Madina Municipal,-0.8892963472106371,0.027,HL,-1.2060464983610504,0.025,HL,0.7545908492497997,0.037,LL,-1.5749757036813736,0.001,HL,-2.135951573833173,0.002,HL,1.3364074388885707,0.001,LL
Greater Accra,Ledzokuku Municipal,Ledzokuku Municipal,-0.9782026673372618,0.06,NS,-1.3266195293953107,0.048,HL,0.8300301511410668,0.057,NS,-1.9467817715747888,0.004,HL,-2.640187768728994,0.002,HL,1.65189446119326,0.005,LL
Greater Accra,Ningo-Prampram,Ningo/Prampram,-0.9782026673372618,0.058,NS,-1.3266195293953107,0.058,NS,0.8300301511410668,0.057,NS,-1.9467817715747888,0.002,HL,-2.640187768728994,0.002,HL,1.65189446119326,0.001,LL
Greater Accra,Okaikoi North Municipal,Okaikwei North Municipal,-0.9782026673372618,0.003,HL,-1.3266195293953107,0.002,HL,0.8300301511410668,0.005,LL,-1.9467817715747888,0.001,HL,-2.640187768728994,0.001,HL,1.65189446119326,0.001,LL
Greater Accra,Shai-Osudoku,Shai-Osudoku,-0.7270711786678994,0.034,HL,-0.9860398638115233,0.029,HL,0.6169386165780718,0.033,LL,-0.8241205925459697,0.018,HL,-1.1176564010240795,0.014,HL,0.6992875431953343,0.01,LL
Greater Accra,Tema Metropolitan Area (TMA)-Tema Central & Tema East,Tema Metropolitan,-0.9782026673372618,0.061,NS,-1.3266195293953107,0.066,NS,0.8300301511410668,0.051,NS,-1.9467817715747888,0.002,HL,-2.640187768728994,0.002,HL,1.65189446119326,0.005,LL
Greater Accra,Tema West Municipal,Tema West Municipal,-0.9782026673372618,0.009,HL,-1.3266195293953107,0.01,HL,0.8300301511410668,0.013,LL,-1.9467817715747888,0.001,HL,-2.640187768728994,0.001,HL,1.65189446119326,0.001,LL
Greater Accra,Weija Gbawe Municipal,Weija Gbawe Municipal,-0.41917050290469615,0.245,NS,-0.568470925164734,0.258,NS,0.3556769650065835,0.237,NS,-1.2144364863301826,0.002,HL,-1.6469952636311642,0.003,HL,1.030480629380993,0.005,LL
North East,Bunkpurugu Nakpanduri,Bunkpurugu Nakpanduri,-2.944432853913891,0.018,LH,-1.975638916826982,0.023,LH,1.7163068594044901,0.015,HH,-0.47789464136944365,0.728,NS,-0.3206550458019573,0.711,NS,0.2785642912402484,0.735,NS
North East,Chereponi,Chereponi,-4.341339732267072,0.011,LH,-2.9129275999054207,0.006,LH,2.5305624312644395,0.008,HH,-1.4364664256592456,0.387,NS,-0.963832124572114,0.372,NS,0.8373147909914314,0.391,NS
North East,East Mamprusi Municipal,East Mamprusi Municipal,-1.9600027356936331,0.044,LH,-1.3151115592860225,0.054,NS,1.1424835636007091,0.058,NS,-1.006917748736929,0.315,NS,-0.6756159807836005,0.294,NS,0.5869313123293447,0.313,NS
North East,Mamprugu Moagduri,Mamprugu Moagduri,-1.0436880457522077,0.366,NS,-0.7002879068796936,0.38,NS,0.608364680356663,0.374,NS,-1.3912507754568963,0.252,NS,-0.9334935831206914,0.248,NS,0.8109586353427906,0.251,NS
North East,West Mamprusi Municipal,West Mamprusi Municipal,-2.0248745721496637,0.05,NS,-1.3586388975094799,0.048,LH,1.1802972898480755,0.054,NS,-1.3799468629063092,0.17,NS,-0.9259089477578359,0.167,NS,0.8043695964306304,0.177,NS
North East,Yunyoo Nasuan,Yunyoo Nasuan,-4.168348168384325,0.006,LH,-2.796854697976202,0.008,LH,2.42972582793813,0.007,HH,-0.44172212120756427,0.801,NS,-0.2963842126408193,0.792,NS,0.2574793667213358,0.796,NS
Northern,Gushegu Municipal,Gushegu Municipal,-2.4256788465706376,0.001,LH,-2.2991777923684933,0.001,LH,2.6841524711673603,0.001,HH,-0.4174914306359269,0.513,NS,-0.39571892510805295,0.501,NS,0.4619781620377777,0.504,NS
Northern,Karaga,Karaga,-2.4967423886808615,0.002,LH,-2.366535315025651,0.002,LH,2.7627883476498276,0.001,HH,-0.8261243846464512,0.247,NS,-0.7830413500940325,0.229,NS,0.9141539126976151,0.25,NS
Northern,Kpandai,Kpandai,-1.8500641554778263,0.014,LH,-1.7535818588455174,0.007,LH,2.0472018716593747,0.008,HH,-3.6137441000055186,0.001,LH,-3.4252845110892967,0.001,LH,3.9988146699261793,0.001,HH
Northern,Kumbungu,Kumbungu,-2.695720306589488,0.001,LH,-2.555136378465692,0.001,LH,2.9829688018007365,0.001,HH,-1.1121674524538183,0.116,NS,-1.0541670475842182,0.104,NS,1.2306769381595015,0.124,NS
Northern,Mion,Mion,-2.728883292907593,0.001,LH,-2.586569889039033,0.001,LH,3.019665544159222,0.001,HH,-1.5889058987994298,0.007,LH,-1.5060432100678611,0.003,LH,1.758215313929312,0.004,HH
Northern,Nanton,Nanton,-2.5962313476351753,0.001,LH,-2.460835846745672,0.001,LH,2.8728785747252825,0.001,HH,-1.3982105202611854,0.062,NS,-1.325292745074404,0.052,NS,1.547199963621388,0.082,NS
Northern,Nanumba North Municipal,Nanumba North Municipal,-2.835004849125527,0.001,LH,-2.6871571228737214,0.001,LH,3.137095119706373,0.001,HH,-1.7414622016300256,0.024,LH,-1.6506435820626268,0.023,LH,1.9270275941756514,0.029,HH
Northern,Nanumba South,Nanumba South,-2.52161462841944,0.001,LH,-2.3901104479556565,0.001,LH,2.790310904418692,0.001,HH,-2.204331893172856,0.004,LH,-2.089374256183109,0.001,LH,2.439219399013976,0.004,HH
Northern,Saboba,Saboba,-2.5365379722625874,0.002,LH,-2.40425552771366,0.001,LH,2.8068244384800103,0.001,HH,-1.0549588388923448,0.163,NS,-0.9999419080861811,0.155,NS,1.1673723330671242,0.169,NS
Northern,Sagnarigu Municipal,Sagnerigu,-2.5962313476351753,0.001,LH,-2.460835846745672,0.002,LH,2.8728785747252825,0.002,HH,-1.3982105202611854,0.067,NS,-1.325292745074404,0.051,NS,1.547199963621388,0.063,NS
Northern,Savelugu Municipal,Savelugu Municipal,-2.5365379722625874,0.001,LH,-2.40425552771366,0.001,LH,2.8068244384800103,0.001,HH,-1.0549588388923448,0.189,NS,-0.9999419080861811,0.154,NS,1.1673723330671242,0.185,NS
Northern,Tamale Metropolitan Area (TMA)-Tamale Central & Tamale South,Tamale Metropolitan,-2.9941871834524276,0.001,LH,-2.838037973625754,0.001,LH,3.3132394830270995,0.001,HH,-1.9702966558759194,0.005,LH,-1.8675441400547754,0.004,LH,2.1802460145451605,0.006,HH
Northern,Tatale Sanguli,Tatale Sanguli,-2.5962313476351753,0.002,LH,-2.460835846745672,0.001,LH,2.8728785747252825,0.002,HH,-1.3982105202611852,0.101,NS,-1.3252927450744039,0.103,NS,1.5471999636213878,0.101,NS
Northern,Tolon,Tolon,-3.073778350615878,0.001,LH,-2.9134783990017707,0.001,LH,3.401311664687463,0.001,HH,-2.0847138829988663,0.012,LH,-1.9759944190508498,0.008,LH,2.306855224729915,0.011,HH
Northern,Yendi Municipal,Yendi Municipal,-2.5962313476351753,0.001,LH,-2.460835846745672,0.001,LH,2.8728785747252825,0.001,HH,-1.3982105202611854,0.066,NS,-1.325292745074404,0.059,NS,1.547199963621388,0.071,NS
Northern,Zabzugu,Zabzugu,-2.5962313476351753,0.001,LH,-2.460835846745672,0.001,LH,2.8728785747252825,0.001,HH,-1.3982105202611854,0.065,NS,-1.325292745074404,0.064,NS,1.547199963621388,0.064,NS
Oti,Biakoye,Biakoye,-0.2081546810868985,0.803,NS,-0.06960037104295552,0.822,NS,0.08603019600463992,0.806,NS,-2.8535051776009457,0.001,LH,-0.9541222810699544,0.001,LH,1.179351857221891,0.001,HH
Oti,Jasikan Municipal,Jasikan Municipal,-0.38323391738184226,0.791,NS,-0.12814135481722022,0.798,NS,0.158390331919665,0.769,NS,-4.1733578516192,0.004,LH,-1.395439456134385,0.003,LH,1.724846119710448,0.004,HH
Oti,Kadjebi,Kadjebi,-1.2378970314005806,0.26,NS,-0.41391378876790713,0.248,NS,0.511622048031169,0.286,NS,-5.859301048357845,0.001,LH,-1.9591657746473436,0.001,LH,2.421645360115539,0.001,HH
Oti,Krachi East Municipal,Krachi East Municipal,-1.3104627674965112,0.138,NS,-0.4381774859901352,0.135,NS,0.5416134201538437,0.152,NS,-5.050048313923296,0.001,LH,-1.6885771417611237,0.001,LH,2.0871817247210958,0.001,HH
Oti,Krachi Nchumuru,Krachi Nchumuru,-2.2780059154422525,0.015,LH,-0.7616934489531769,0.011,LH,0.9414983817895085,0.01,HH,-4.072201259814881,0.001,LH,-1.3616158770236075,0.001,LH,1.6830381652861426,0.001,HH
Oti,Krachi West Municipal,Krachi West Municipal,-1.383028503592442,0.272,NS,-0.4624411832123634,0.286,NS,0.5716047922765186,0.264,NS,-4.240795579488745,0.003,LH,-1.4179885088749034,0.002,LH,1.7527180893266516,0.002,HH
Oti,Nkwanta North (Kpassa),Nkwanta North,-2.656960315054335,0.033,LH,-0.8884038677803683,0.034,LH,1.0981199917634774,0.027,HH,-3.161791933576012,0.021,LH,-1.0572036650266097,0.02,LH,1.3067665754673934,0.023,HH
Oti,Nkwanta South Municipal,Nkwanta South Municipal,-1.663616016496707,0.079,NS,-0.5562608124716455,0.1,NS,0.6875714311508615,0.083,NS,-5.050048313923296,0.001,LH,-1.6885771417611237,0.001,LH,2.0871817247210958,0.001,HH
Savannah,Bole,Bole,-3.3220589977912414,0.001,LH,-2.178064768047651,0.002,LH,2.515440223300944,0.004,HH,-2.5912732241862217,0.024,LH,-1.698934581757214,0.029,LH,1.9620942620268151,0.023,HH
Savannah,Central Gonja,Central Gonja,-4.908547924646611,0.001,LH,-3.2182255956485073,0.001,LH,3.716718726508407,0.001,HH,-3.6351317131309866,0.001,LH,-2.383326821362142,0.001,LH,2.7524967299756424,0.001,HH
Savannah,East Gonja Municipal,East Gonja Municipal,-3.6359722734516913,0.004,LH,-2.3838779238022743,0.001,LH,2.753133196468928,0.001,HH,-2.7151208415186514,0.031,LH,-1.7801336610323748,0.026,LH,2.055870826020744,0.029,HH
Savannah,North East Gonja,North East Gonja,-3.6639713992395877,0.001,LH,-2.4022351864081757,0.001,LH,2.7743339419315953,0.001,HH,-2.895262830365822,0.002,LH,-1.8982414127053364,0.001,LH,2.1922731009210037,0.002,HH
Savannah,North Gonja,North Gonja,-3.4503883243190985,0.002,LH,-2.2622022216580318,0.001,LH,2.6126103066715034,0.002,HH,-2.2610129112997424,0.047,LH,-1.4824037036901179,0.035,LH,1.7120234247096717,0.051,NS
Savannah,Sawla Tuna Kalba,Sawla Tuna Kalba,-2.32109025087396,0.05,NS,-1.5217926298866844,0.047,LH,1.7575135730105822,0.046,HH,-2.8637379823175673,0.012,LH,-1.877572556162568,0.029,LH,2.168402702813458,0.021,HH
Savannah,West Gonja,West Gonja,-6.0169748548762305,0.001,LH,-3.944951293865639,0.001,LH,4.556011974082688,0.001,HH,-4.944377953502387,0.002,LH,-3.2417170879852724,0.002,LH,3.74384897791146,0.001,HH
Upper East,Bawku Municipal,Bawku Municipal,-0.4527394564418745,0.207,NS,0.9665484281791944,0.219,NS,-1.157361819939129,0.229,NS,0.41177229479512767,0.237,NS,-0.8790880905982356,0.27,NS,1.0526352976831508,0.244,NS
Upper East,Bawku West,Bawku West,-0.15874784644987291,0.599,NS,0.3389090110873869,0.641,NS,-0.4058155167711355,0.662,NS,0.301257924063016,0.351,NS,-0.6431521901538059,0.337,NS,0.7701215661759309,0.322,NS
Upper East,Binduri,Binduri,-0.4527394564418745,0.303,NS,0.9665484281791944,0.305,NS,-1.157361819939129,0.311,NS,0.41177229479512767,0.312,NS,-0.8790880905982356,0.315,NS,1.0526352976831508,0.294,NS
Upper East,Bolgatanga East,Bolga  East,-0.4527394564418745,0.208,NS,0.9665484281791944,0.221,NS,-1.157361819939129,0.221,NS,0.41177229479512767,0.259,NS,-0.8790880905982356,0.235,NS,1.0526352976831508,0.229,NS
Upper East,Bolgatanga Municipal,Bolgatanga Municipal,-0.4527394564418745,0.163,NS,0.9665484281791944,0.16,NS,-1.157361819939129,0.17,NS,0.41177229479512767,0.214,NS,-0.8790880905982356,0.213,NS,1.0526352976831508,0.225,NS
Upper East,Bongo,Bongo,-0.4527394564418745,0.225,NS,0.9665484281791944,0.225,NS,-1.157361819939129,0.238,NS,0.41177229479512767,0.224,NS,-0.8790880905982356,0.253,NS,1.0526352976831508,0.232,NS
Upper East,Builsa North Municipal,Builsa North Municipal,-0.4527394564418745,0.301,NS,0.9665484281791944,0.299,NS,-1.157361819939129,0.304,NS,0.41177229479512767,0.311,NS,-0.8790880905982356,0.335,NS,1.0526352976831508,0.309,NS
Upper East,Builsa South,Builsa South,-0.03707716141572996,0.914,NS,0.07915561936961645,0.902,NS,-0.09478230890573007,0.893,NS,0.14699828158277667,0.593,NS,-0.31382499578345596,0.64,NS,0.37577948261376976,0.654,NS
Upper East,Garu,Garu,0.03724656021146142,0.907,NS,-0.07951726697381796,0.907,NS,0.09521535200752661,0.919,NS,0.22758167690827483,0.452,NS,-0.48586158985751937,0.432,NS,0.581779078504451,0.413,NS
Upper East,Kasena Nankana Municipal,Kasena Nankana East,-0.20774644811520654,0.515,NS,0.4435155806026882,0.496,NS,-0.5310732339658011,0.497,NS,0.31967698585170123,0.252,NS,-0.6824748402278774,0.321,NS,0.8172071880938009,0.293,NS
Upper East,Kasena Nankana West,Kasena Nankana West,-0.5270631780690659,0.087,NS,1.1252213145226286,0.089,NS,-1.3473594808523854,0.096,NS,0.33118889946962954,0.265,NS,-0.7070514965241722,0.274,NS,0.8466357017924695,0.294,NS
Upper East,Nabdam,Nabdam,-0.4527394564418745,0.227,NS,0.9665484281791944,0.225,NS,-1.157361819939129,0.203,NS,0.41177229479512767,0.25,NS,-0.8790880905982356,0.252,NS,1.0526352976831508,0.233,NS
Upper East,Pusiga,Pusiga,-0.4527394564418745,0.429,NS,0.9665484281791944,0.457,NS,-1.157361819939129,0.444,NS,0.41177229479512767,0.385,NS,-0.8790880905982356,0.364,NS,1.0526352976831508,0.381,NS
Upper East,Talensi,Talensi,-0.03275144216758655,0.917,NS,0.06992068947661234,0.919,NS,-0.0837242439848527,0.905,NS,0.25389462232068233,0.355,NS,-0.5420368042490502,0.346,NS,0.6490442526728366,0.343,NS
Upper East,Tempane,Tempane,-0.4527394564418745,0.299,NS,0.9665484281791944,0.319,NS,-1.157361819939129,0.278,NS,0.41177229479512767,0.309,NS,-0.8790880905982356,0.299,NS,1.0526352976831508,0.295,NS
Upper West,Daffiama Bussie Issa,Daffiama Bussie Issa,-1.0285832270493767,0.002,HL,2.0907328380998105,0.004,LL,-1.7309058928165728,0.004,HL,-0.08209613036070573,0.846,NS,0.16687135383144913,0.833,NS,-0.13815185011952527,0.826,NS
Upper West,Jirapa Municipal,Jirapa Municipal,-1.0285832270493767,0.006,HL,2.0907328380998105,0.004,LL,-1.7309058928165728,0.006,HL,-0.08209613036070575,0.845,NS,0.16687135383144916,0.841,NS,-0.13815185011952527,0.833,NS
Upper West,Lambussie Karni,Lambussie Karni,-1.0285832270493767,0.005,HL,2.0907328380998105,0.012,LL,-1.7309058928165728,0.008,HL,-0.08209613036070573,0.884,NS,0.16687135383144913,0.859,NS,-0.13815185011952527,0.854,NS
Upper West,Lawra Municipal,Lawra Municipal,-1.0285832270493767,0.021,HL,2.0907328380998105,0.023,LL,-1.7309058928165728,0.033,HL,-0.08209613036070573,0.871,NS,0.16687135383144913,0.859,NS,-0.13815185011952527,0.854,NS
Upper West,Nadowli Kaleo,Nadowli Kaleo,-1.0285832270493767,0.014,HL,2.0907328380998105,0.008,LL,-1.7309058928165728,0.012,HL,-0.08209613036070573,0.866,NS,0.16687135383144913,0.871,NS,-0.13815185011952527,0.852,NS
Upper West,Nandom,Nandom,-1.0285832270493767,0.074,NS,2.0907328380998105,0.07,NS,-1.7309058928165728,0.074,NS,-0.08209613036070573,0.884,NS,0.16687135383144913,0.891,NS,-0.13815185011952527,0.889,NS
Upper West,Sissala East Municipal,Sissala East Municipal,-0.4929764006835694,0.169,NS,1.002040401022319,0.14,NS,-0.8295835811074647,0.153,NS,0.08919085767582818,0.821,NS,-0.181292335026759,0.811,NS,0.15009089889528626,0.812,NS
Upper West,Sissala West,Sissala West,-1.0285832270493767,0.008,HL,2.0907328380998105,0.01,LL,-1.7309058928165728,0.014,HL,-0.08209613036070573,0.857,NS,0.16687135383144913,0.872,NS,-0.13815185011952527,0.853,NS
Upper West,Wa East,Wa East,0.12724730245263427,0.696,NS,-0.25864714376153236,0.708,NS,0.21413250757753632,0.711,NS,0.38094341971607826,0.228,NS,-0.774318398466564,0.22,NS,0.6410538230413938,0.201,NS
Upper West,Wa Municipal,Wa Municipal,-1.0285832270493767,0.013,HL,2.0907328380998105,0.009,LL,-1.7309058928165728,0.011,HL,-0.08209613036070573,0.843,NS,0.16687135383144913,0.843,NS,-0.13815185011952527,0.856,NS
Upper West,Wa West,Wa West,-0.29133618369879494,0.502,NS,0.5921797188284399,0.53,NS,-0.49026224022874154,0.53,NS,0.3329454175739726,0.411,NS,-0.676756046094209,0.406,NS,0.560282503262518,0.411,NS
Volta,Adaklu,Adaklu,0.04699923398016784,0.214,NS,-0.088134101183535,0.2,NS,0.08692400412720204,0.209,NS,-0.028405673034190324,0.428,NS,0.05326700563754169,0.426,NS,-0.052535640072385155,0.464,NS
Volta,Afadzato South,Afadzato South,0.04699923398016784,0.166,NS,-0.088134101183535,0.186,NS,0.08692400412720204,0.163,NS,-0.028405673034190324,0.4,NS,0.05326700563754169,0.398,NS,-0.052535640072385155,0.383,NS
Volta,Agortime-Ziope,Agotime Ziope,0.04699923398016784,0.172,NS,-0.088134101183535,0.168,NS,0.08692400412720204,0.175,NS,-0.028405673034190324,0.384,NS,0.05326700563754169,0.39,NS,-0.052535640072385155,0.405,NS
Volta,Akatsi North,Akatsi North,0.04699923398016784,0.303,NS,-0.088134101183535,0.287,NS,0.08692400412720204,0.33,NS,-0.028405673034190324,0.498,NS,0.05326700563754169,0.525,NS,-0.052535640072385155,0.489,NS
Volta,Akatsi South Municipal,Akatsi South Municipal,0.04699923398016784,0.143,NS,-0.088134101183535,0.154,NS,0.08692400412720204,0.146,NS,-0.028405673034190324,0.345,NS,0.05326700563754169,0.347,NS,-0.052535640072385155,0.324,NS
Volta,Anloga,Anloga,0.05900128334791099,0.217,NS,-0.11064063466943842,0.215,NS,0.10912151886152331,0.222,NS,0.036127603567756655,0.405,NS,-0.06774735668464046,0.384,NS,0.06681717329594622,0.388,NS
Volta,Central Tongu,Central Tongu,0.04699923398016784,0.131,NS,-0.088134101183535,0.118,NS,0.08692400412720204,0.134,NS,-0.028405673034190324,0.317,NS,0.05326700563754169,0.337,NS,-0.052535640072385155,0.367,NS
Volta,Ho Municipal,Ho Municipal,0.04699923398016784,0.269,NS,-0.088134101183535,0.295,NS,0.08692400412720204,0.281,NS,-0.028405673034190324,0.497,NS,0.05326700563754169,0.49,NS,-0.052535640072385155,0.529,NS
Volta,Ho West,Ho West,0.04675429419715268,0.083,NS,-0.08767478417361861,0.099,NS,0.08647099362241999,0.11,NS,-0.023283984414988176,0.397,NS,0.04366269116752723,0.401,NS,-0.04306319456696202,0.416,NS
Volta,Hohoe Municipal,Hohoe Municipal,0.0015629042308544616,0.962,NS,-0.00293079584404346,0.973,NS,0.0028905554901286416,0.967,NS,-0.11803522387022779,0.003,LH,0.2213425088627947,0.003,HH,-0.21830343641728983,0.007,LH
Volta,Keta Municipal,Keta Municipal,0.04699923398016784,0.17,NS,-0.088134101183535,0.172,NS,0.08692400412720204,0.183,NS,-0.028405673034190324,0.378,NS,0.05326700563754169,0.39,NS,-0.052535640072385155,0.388,NS
Volta,Ketu North Municipal,Ketu North Municipal,0.04699923398016784,0.234,NS,-0.088134101183535,0.228,NS,0.08692400412720204,0.232,NS,-0.028405673034190324,0.428,NS,0.05326700563754169,0.441,NS,-0.052535640072385155,0.443,NS
Volta,Ketu South Municipal,Ketu South Municipal,0.04699923398016784,0.45,NS,-0.088134101183535,0.427,NS,0.08692400412720204,0.443,NS,-0.028405673034190324,0.527,NS,0.05326700563754169,0.565,NS,-0.052535640072385155,0.545,NS
Volta,Kpando Municipal,Kpando Municipal,0.028481786384221254,0.399,NS,-0.05340973523385543,0.433,NS,0.05267640996567779,0.398,NS,-0.057087129301722314,0.094,NS,0.10705116666962267,0.091,NS,-0.10558133490275466,0.114,NS
Volta,North Dayi,North Dayi,0.04657058935989131,0.222,NS,-0.08733029641618131,0.252,NS,0.08613123574383344,0.247,NS,-0.019442717950586576,0.618,NS,0.0364594553150164,0.63,NS,-0.03595886043789468,0.604,NS
Volta,North Tongu,North Tongu,0.05679682530077449,0.058,NS,-0.10650678158019085,0.051,NS,0.10504442431848471,0.05,NS,0.03715194129159708,0.199,NS,-0.06966821957864336,0.196,NS,0.06871166239703085,0.176,NS
Volta,South Dayi,South Dayi,0.04631340258772537,0.16,NS,-0.08684801355576909,0.178,NS,0.08565557471381226,0.159,NS,-0.01406494490042433,0.681,NS,0.02637492512150122,0.692,NS,-0.02601279265720041,0.7,NS
Volta,South Tongu,South Tongu,0.05728670486680482,0.05,NS,-0.10742541560002364,0.053,NS,0.10595044532804884,0.054,NS,0.0269085640531928,0.345,NS,-0.05045959063861444,0.333,NS,0.04976677138618459,0.322,NS
Western,Ahanta West Municipal,Ahanta West Municipal,-0.769808758548948,0.001,HL,-0.5702893891140567,0.001,HL,0.8841169567099701,0.001,LL,0.23011841719808415,0.256,NS,0.17047622556952838,0.283,NS,-0.2642884904032292,0.281,NS
Western,Effia Kwesimintsim Municipal,Effia Kwesimintsim Municipal,-0.7698087585489478,0.004,HL,-0.5702893891140566,0.005,HL,0.8841169567099699,0.006,LL,0.23011841719808412,0.399,NS,0.17047622556952835,0.393,NS,-0.26428849040322916,0.4,NS
Western,Ellembelle,Ellembelle,-0.7698087585489479,0.002,HL,-0.5702893891140567,0.001,HL,0.88411695670997,0.002,LL,0.23011841719808415,0.331,NS,0.17047622556952838,0.332,NS,-0.2642884904032292,0.337,NS
Western,Jomoro Municipal,Jomoro Municipal,-0.511030394544019,0.094,NS,-0.3785813142377922,0.081,NS,0.5869128302231771,0.082,NS,0.060056744540068395,0.847,NS,0.04449121132434714,0.828,NS,-0.06897451558327161,0.831,NS
Western,Mpohor,Mpohor,-0.7698087585489478,0.001,HL,-0.5702893891140566,0.001,HL,0.8841169567099699,0.001,LL,0.23011841719808412,0.251,NS,0.17047622556952835,0.264,NS,-0.26428849040322916,0.229,NS
Western,Nzema East Municipal,Nzema East Municipal,-0.769808758548948,0.002,HL,-0.5702893891140567,0.001,HL,0.8841169567099701,0.001,LL,0.23011841719808415,0.289,NS,0.17047622556952838,0.311,NS,-0.2642884904032292,0.287,NS
Western,Prestea/Huni Valley Municipal,Prestea/Huni Valley Municipal,-0.5775734024310006,0.003,HL,-0.4278776763488316,0.002,HL,0.663336748462638,0.005,LL,0.21465826513826455,0.281,NS,0.1590230424563301,0.294,NS,-0.24653267451050578,0.265,NS
Western,"Sekondi Takoradi Metropolitan Area (STMA)- Takoradi, Sekondi & Essikado-Ketan",Sekondi Takoradi Metropolis,-0.7698087585489479,0.001,HL,-0.5702893891140567,0.001,HL,0.88411695670997,0.001,LL,0.23011841719808415,0.302,NS,0.17047622556952838,0.329,NS,-0.2642884904032292,0.335,NS
Western,Shama,Shama,-0.4814557243720272,0.066,NS,-0.35667181996621916,0.043,HL,0.5529466443389722,0.054,NS,0.20692818910835475,0.351,NS,0.15329645089973096,0.371,NS,-0.2376547665641441,0.367,NS
Western,Tarkwa-Nsuaem Municipal,Tarkwa-Nsuaem Municipal,-0.769808758548948,0.001,HL,-0.5702893891140567,0.001,HL,0.8841169567099701,0.001,LL,0.23011841719808418,0.262,NS,0.1704762255695284,0.285,NS,-0.26428849040322927,0.294,NS
Western,Wassa Amenfi Central,Wassa Amenfi Central,-0.5479987322590089,0.001,HL,-0.4059681820772586,0.001,HL,0.6293705625784333,0.002,LL,0.08435126920549922,0.643,NS,0.062489070502230175,0.663,NS,-0.0968765119861227,0.69,NS
Western,Wassa Amenfi East Municipal,Wassa Amenfi East Municipal,-0.06371350819264202,0.766,NS,-0.04720021338024944,0.762,NS,0.07317426872457788,0.751,NS,0.09870712468961744,0.645,NS,0.07312416910734287,0.624,NS,-0.11336405531508016,0.637,NS
Western,Wassa Amenfi West Municipal,Wassa Amenfi West Municipal,-0.3816412125415546,0.064,NS,-0.28272727679966,0.058,NS,0.4383107669797806,0.052,NS,-0.02497409178893947,0.908,NS,-0.01850129579824347,0.896,NS,0.028682471826707166,0.917,NS
Western,Wassa East,Wassa East,-0.2754892713885123,0.16,NS,-0.20408784200347804,0.124,NS,0.3163964212168308,0.163,NS,0.19036374047283372,0.301,NS,0.14102518327844704,0.306,NS,-0.2186306781076547,0.294,NS
Western North,Aowin Municipal,Aowin Municipal,0.432427127322035,0.132,NS,0.4512749314700617,0.137,NS,0.5512678619223199,0.129,NS,0.028297454297056608,0.909,NS,0.029530829455043567,0.909,NS,0.036074233420064314,0.921,NS
Western North,Bia East,Bia East,0.18424189218191542,0.541,NS,0.19227227436726,0.519,NS,0.23487572254922134,0.553,NS,0.4355786715011201,0.145,NS,0.4545638391115621,0.148,NS,0.5552855215731313,0.123,NS
Western North,Bia West,Bia West,-0.007394808369316198,0.978,NS,-0.007717119091865446,0.991,NS,-0.009427068612285214,0.98,NS,0.31733573747413396,0.368,NS,0.3311671588887019,0.359,NS,0.4045467604964344,0.366,NS
Western North,Bibiani Anhwiaso Bekwai Municipal,Bibiani Anhwiaso Bekwai Municipal,0.04287055570969536,0.877,NS,0.04473911525806909,0.858,NS,0.05465235202024109,0.865,NS,-0.09432484765685498,0.695,NS,-0.09843609818347815,0.698,NS,-0.12024744473354722,0.719,NS
Western North,Bodi,Bodi,-0.007394808369316198,0.965,NS,-0.007717119091865446,0.963,NS,-0.009427068612285214,0.975,NS,0.31733573747413396,0.231,NS,0.3311671588887019,0.238,NS,0.4045467604964344,0.26,NS
Western North,Juaboso,Juaboso,0.07518400404620282,0.739,NS,0.07846098019731274,0.716,NS,0.09584626528400803,0.729,NS,0.43745554346980237,0.044,LL,0.45652251657541704,0.046,LL,0.5576782003203804,0.045,LL
Western North,Sefwi Akontombra,Sefwi Akontombra,0.16853396590722425,0.527,NS,0.1758797011329054,0.539,NS,0.21485090360155681,0.512,NS,0.20172042420330302,0.382,NS,0.2105126271152386,0.401,NS,0.2571577496658864,0.355,NS
Western North,Sefwi Wiawso Municipal,Sefwi Wiawso Municipal,0.18424189218191542,0.35,NS,0.19227227436726,0.363,NS,0.23487572254922134,0.363,NS,0.17281659588559525,0.401,NS,0.18034899417187272,0.362,NS,0.22031049695824934,0.386,NS
Western North,Suaman,Suaman,-0.007394808369316198,0.968,NS,-0.007717119091865446,0.978,NS,-0.009427068612285214,0.972,NS,0.31733573747413396,0.223,NS,0.3311671588887019,0.24,NS,0.4045467604964344,0.23,NS
