Region,District,GeoJSON_District,LISA_U5MR_per_1000_I,LISA_U5MR_per_1000_p,LISA_U5MR_per_1000_cluster,LISA_Diarrhoea_prevalence_pct_I,LISA_Diarrhoea_prevalence_pct_p,LISA_Diarrhoea_prevalence_pct_cluster,LISA_Improved_water_pct_I,LISA_Improved_water_pct_p,LISA_Improved_water_pct_cluster,LISA_Improved_sanitation_pct_I,LISA_Improved_sanitation_pct_p,LISA_Improved_sanitation_pct_cluster,LISA_Open_defecation_pct_I,LISA_Open_defecation_pct_p,LISA_Open_defecation_pct_cluster
Ahafo,Asunafo North Municipal,Asunafo North Municipal,1.1809309208043988,0.019,LL,0.22245167289049897,0.249,NS,0.18668812240902707,0.403,NS,0.13504201116131784,0.466,NS,0.2869819907318943,0.126,NS
Ahafo,Asunafo South,Asunafo South,0.9249184034379018,0.109,NS,0.004548753801495611,0.985,NS,0.17720504085747085,0.517,NS,0.11474541654336677,0.605,NS,0.32372836724724324,0.176,NS
Ahafo,Asutifi North,Asutifi North,1.2760707076635702,0.017,LL,0.33061362910496805,0.109,NS,0.08100801867770091,0.724,NS,0.03933576115513334,0.855,NS,0.2505149363353276,0.244,NS
Ahafo,Asutifi South,Asutifi South,0.8695643456289293,0.076,NS,-0.05545349928098356,0.758,NS,0.005866652146301819,0.981,NS,-0.059493041869197565,0.742,NS,0.3000170229417309,0.13,NS
Ahafo,Tano North Municipal,Tano North Municipal,0.9041606317595371,0.054,NS,0.09297312676514917,0.626,NS,-0.028690339948352486,0.899,NS,-0.07104648803633888,0.695,NS,0.280154116717218,0.168,NS
Ahafo,Tano South Municipal,Tano South Municipal,0.24683119527799002,0.709,NS,-0.2828304583303784,0.238,NS,-0.23824233270837764,0.431,NS,-0.27377824273948836,0.261,NS,0.32655262422604114,0.221,NS
Ashanti,Adansi Asokwa,Adansi Asokwa,0.03318728037829157,0.65,NS,0.8530137696307454,0.013,HH,0.5531202224185163,0.064,NS,0.8575319903289212,0.019,HH,0.45550032867676615,0.078,NS
Ashanti,Adansi North,Adansi North,0.03318728037829157,0.67,NS,0.8530137696307454,0.022,HH,0.5531202224185163,0.047,HH,0.8575319903289212,0.019,HH,0.45550032867676615,0.061,NS
Ashanti,Adansi South,Adansi South,0.019088108975749394,0.817,NS,0.3641723757087516,0.324,NS,0.2963057520884125,0.353,NS,0.6255984845176021,0.088,NS,0.44267427432062983,0.092,NS
Ashanti,Afigya Kwabre North,Afigya Kwabre North,0.03318728037829157,0.714,NS,0.8530137696307454,0.059,NS,0.5531202224185163,0.098,NS,0.8575319903289214,0.064,NS,0.45550032867676615,0.152,NS
Ashanti,Afigya Kwabre South,Afigya Kwabre South,0.03318728037829157,0.621,NS,0.8530137696307453,0.013,HH,0.5531202224185163,0.035,HH,0.8575319903289212,0.012,HH,0.45550032867676615,0.067,NS
Ashanti,Ahafo Ano North Municipal,Ahafo Ano North Municipal,-0.16984078781831585,0.066,NS,-0.13150596078557777,0.779,NS,-0.18279860175855048,0.661,NS,-0.11595038498005558,0.806,NS,0.37426865108790336,0.318,NS
Ashanti,Ahafo Ano South East,Ahafo Ano South East,0.03318728037829157,0.662,NS,0.8530137696307454,0.018,HH,0.5531202224185163,0.049,HH,0.8575319903289212,0.014,HH,0.45550032867676615,0.083,NS
Ashanti,Ahafo Ano South West,Ahafo Ano South West,-0.07509435599323239,0.304,NS,0.3279365800753731,0.454,NS,0.16063018285741407,0.685,NS,0.33834139016413367,0.433,NS,0.4121767672960394,0.178,NS
Ashanti,Akrofuom,Adansi Akrofuom,0.039531907509435554,0.524,NS,0.7991728468736028,0.009,HH,0.41683895868202253,0.102,NS,0.654856151535085,0.034,HH,0.39885192193716446,0.096,NS
Ashanti,Amansie Central,Amansie Central,0.03560428119015595,0.585,NS,0.8325029419137386,0.011,HH,0.5012035505188996,0.058,NS,0.7803221469788885,0.021,HH,0.4339199832521559,0.101,NS
Ashanti,Amansie South,Amansie South,0.009500672422020707,0.92,NS,0.6561098235474807,0.108,NS,0.28564552879169125,0.384,NS,0.4685646062710394,0.259,NS,0.43155836054531194,0.156,NS
Ashanti,Amansie West,Amansie West,0.03318728037829157,0.643,NS,0.8530137696307454,0.02,HH,0.5531202224185163,0.063,NS,0.8575319903289212,0.017,HH,0.45550032867676615,0.083,NS
Ashanti,Asante Akim Central Municipal,Asante Akim Central Municipal,0.03318728037829157,0.645,NS,0.8530137696307454,0.017,HH,0.5531202224185163,0.047,HH,0.8575319903289212,0.016,HH,0.45550032867676615,0.075,NS
Ashanti,Asante Akim North Municipal,Asante Akim North Municipal,0.018685275507105324,0.803,NS,0.45451768827175737,0.193,NS,0.3849102054637583,0.154,NS,0.7359416858406806,0.033,HH,0.46608691322468804,0.05,NS
Ashanti,Asante Akim South Municipal,Asante Akim South Municipal,0.007808771853715643,0.896,NS,0.15564562725251646,0.626,NS,0.2587526927476898,0.325,NS,0.6447489574745002,0.029,HH,0.4740268516356296,0.034,LL
Ashanti,Asokore Mampong Municipal,Asokore Mampong Municipal,0.03318728037829157,0.695,NS,0.8530137696307454,0.045,HH,0.5531202224185164,0.073,NS,0.8575319903289215,0.031,HH,0.45550032867676615,0.11,NS
Ashanti,Asokwa Municipal,Asokwa Municipal,0.03318728037829157,0.735,NS,0.8530137696307454,0.059,NS,0.5531202224185163,0.106,NS,0.8575319903289214,0.061,NS,0.45550032867676615,0.139,NS
Ashanti,Atwima Kwanwoma,Atwima Kwanwoma,0.03318728037829158,0.689,NS,0.8530137696307454,0.041,HH,0.5531202224185164,0.08,NS,0.8575319903289214,0.032,HH,0.4555003286767662,0.114,NS
Ashanti,Atwima Mponua,Atwima Mponua,-0.05704741659797839,0.335,NS,0.374427789567255,0.225,NS,0.1186353638097242,0.633,NS,0.2570109864953327,0.393,NS,0.4383989228685845,0.041,LL
Ashanti,Atwima Nwabiagya North,Atwima Nwabiagya North,0.03318728037829158,0.649,NS,0.8530137696307454,0.035,HH,0.5531202224185164,0.088,NS,0.8575319903289214,0.036,HH,0.4555003286767662,0.12,NS
Ashanti,Atwima Nwabiagya South Municipal,Atwima Nwabiagya South Municipal,0.03318728037829157,0.642,NS,0.8530137696307454,0.017,HH,0.5531202224185163,0.036,HH,0.8575319903289212,0.011,HH,0.45550032867676615,0.073,NS
Ashanti,Bekwai Municipal,Bekwai Municipal,0.03318728037829157,0.637,NS,0.8530137696307454,0.016,HH,0.5531202224185164,0.042,HH,0.8575319903289214,0.015,HH,0.4555003286767661,0.084,NS
Ashanti,Bosome Freho,Bosome Freho,0.0275476118172747,0.663,NS,0.6980430713244722,0.027,HH,0.48770521582499926,0.03,HH,0.8102468719168275,0.008,HH,0.45961733377873576,0.033,LL
Ashanti,Bosomtwi,Bosomtwe,0.03318728037829157,0.641,NS,0.8530137696307454,0.023,HH,0.5531202224185163,0.04,HH,0.8575319903289212,0.025,HH,0.45550032867676615,0.069,NS
Ashanti,Ejisu Municipal,Ejisu Municipal,0.03318728037829157,0.606,NS,0.8530137696307454,0.009,HH,0.5531202224185163,0.029,HH,0.8575319903289212,0.015,HH,0.45550032867676615,0.057,NS
Ashanti,Ejura Sekyedumase Municipal,Ejura Sekyedumase Municipal,0.050106286061342195,0.361,NS,0.8051551716243964,0.009,HH,0.30115130813237684,0.211,NS,0.46742976342914905,0.12,NS,0.19042853864995063,0.384,NS
Ashanti,Juaben Municipal,Juaben Municipal,0.03318728037829157,0.694,NS,0.8530137696307454,0.032,HH,0.5531202224185164,0.066,NS,0.8575319903289215,0.037,HH,0.45550032867676615,0.131,NS
Ashanti,"Kumasi Metropolitan Area (KMA)-Bantama, Manhyia North, Manhyia South, Nhyiaeso, & Subin",Kumasi Metropolitan,0.03318728037829157,0.674,NS,0.8530137696307454,0.023,HH,0.5531202224185163,0.053,NS,0.8575319903289212,0.021,HH,0.45550032867676615,0.079,NS
Ashanti,Kwabre East,Kwabre East,0.03318728037829157,0.644,NS,0.8530137696307454,0.02,HH,0.5531202224185163,0.043,HH,0.8575319903289212,0.018,HH,0.45550032867676615,0.082,NS
Ashanti,Kwadaso Municipal,Kwadaso Municipal,0.03318728037829157,0.679,NS,0.8530137696307454,0.03,HH,0.5531202224185164,0.079,NS,0.8575319903289215,0.031,HH,0.45550032867676615,0.13,NS
Ashanti,Mampong Municipal,Mampong Municipal,0.03318728037829157,0.724,NS,0.8530137696307454,0.069,NS,0.5531202224185163,0.103,NS,0.8575319903289214,0.052,NS,0.45550032867676615,0.156,NS
Ashanti,Obuasi East,Obuasi East,0.03318728037829157,0.765,NS,0.8530137696307454,0.053,NS,0.5531202224185163,0.102,NS,0.8575319903289214,0.059,NS,0.45550032867676615,0.156,NS
Ashanti,Obuasi Municipal,Obuasi Municipal,0.03318728037829157,0.72,NS,0.8530137696307454,0.058,NS,0.5531202224185163,0.107,NS,0.8575319903289214,0.052,NS,0.45550032867676615,0.148,NS
Ashanti,Offinso Municipal,Offinso Municipal,0.03318728037829157,0.65,NS,0.8530137696307454,0.017,HH,0.5531202224185163,0.059,NS,0.8575319903289212,0.017,HH,0.45550032867676615,0.087,NS
Ashanti,Offinso North,Offinso North,-0.040833369485054886,0.525,NS,0.28640215394843443,0.348,NS,0.07704434109903135,0.784,NS,0.16917887904486878,0.592,NS,0.2114490166225073,0.405,NS
Ashanti,Oforikrom Municipal,Oforikrom Municipal,0.03318728037829157,0.677,NS,0.8530137696307454,0.03,HH,0.5531202224185164,0.071,NS,0.8575319903289215,0.032,HH,0.45550032867676615,0.114,NS
Ashanti,Old Tafo Municipal,Old Tafo Municipal,0.03318728037829157,0.708,NS,0.8530137696307454,0.049,HH,0.5531202224185164,0.081,NS,0.8575319903289215,0.036,HH,0.45550032867676615,0.112,NS
Ashanti,Sekyere Afram Plains,Sekyere Afram Plains North,0.047689285249477804,0.496,NS,0.5922332458002312,0.097,NS,0.14505518128752934,0.588,NS,0.29517683207080814,0.415,NS,0.11998703377339294,0.652,NS
Ashanti,Sekyere Central,Sekyere Central,0.043338683788121946,0.587,NS,0.824298610826936,0.06,NS,0.4019388738468327,0.2,NS,0.623470654189058,0.134,NS,0.2964572546606769,0.356,NS
Ashanti,Sekyere East,Sekyere East,0.03318728037829157,0.723,NS,0.8530137696307454,0.03,HH,0.5531202224185164,0.072,NS,0.8575319903289215,0.029,HH,0.45550032867676615,0.122,NS
Ashanti,Sekyere Kumawu,Sekyere Kumawu,0.03318728037829157,0.636,NS,0.8530137696307454,0.016,HH,0.5531202224185163,0.057,NS,0.8575319903289212,0.018,HH,0.45550032867676615,0.07,NS
Ashanti,Sekyere South,Sekyere South,0.03318728037829157,0.599,NS,0.8530137696307454,0.006,HH,0.5531202224185164,0.027,HH,0.8575319903289215,0.012,HH,0.45550032867676615,0.046,LL
Ashanti,Suame Municipal,Suame Municipal,0.03318728037829157,0.666,NS,0.8530137696307454,0.021,HH,0.5531202224185163,0.046,HH,0.8575319903289212,0.018,HH,0.45550032867676615,0.073,NS
Bono,Banda,Banda,-0.04623252276920482,0.875,NS,-0.08835108821935811,0.82,NS,-0.1210316111919562,0.372,NS,-0.07170458792967184,0.604,NS,-0.10516087762170485,0.62,NS
Bono,Berekum East Municipal,Berekum East Municipal,0.42730058923053005,0.093,NS,0.6902739237828884,0.031,LL,0.08653328971206395,0.495,NS,0.09623669211238553,0.443,NS,0.21116519190827227,0.291,NS
Bono,Berekum West,Berekum West,0.42730058923053005,0.2,NS,0.6902739237828884,0.115,NS,0.08653328971206395,0.575,NS,0.09623669211238553,0.554,NS,0.2111651919082723,0.457,NS
Bono,Dormaa Central Municipal,Dormaa Municipal,0.5689557936748951,0.033,LL,0.5980197754413901,0.086,NS,0.001245772720107326,0.993,NS,0.014974782414615863,0.896,NS,0.21957467841929418,0.283,NS
Bono,Dormaa East,Dormaa East,0.4981281914527126,0.071,NS,0.6441468496121392,0.056,NS,0.04388953121608563,0.724,NS,0.055605737263500696,0.665,NS,0.21536993516378325,0.278,NS
Bono,Dormaa West,Dormaa West,0.5487193358971287,0.135,NS,0.36430926630959404,0.467,NS,-0.08308345756407441,0.693,NS,-0.0781675234377985,0.707,NS,0.2596814602410909,0.405,NS
Bono,Jaman North,Jaman North,0.42730058923053005,0.196,NS,0.6902739237828884,0.107,NS,0.08653328971206395,0.582,NS,0.09623669211238553,0.562,NS,0.2111651919082723,0.459,NS
Bono,Jaman South,Jaman South,0.42730058923053005,0.184,NS,0.6902739237828884,0.11,NS,0.08653328971206395,0.593,NS,0.09623669211238553,0.542,NS,0.2111651919082723,0.419,NS
Bono,Sunyani Municipal,Sunyani Municipal,0.6397833958970777,0.046,LL,0.5518927012706408,0.186,NS,-0.04139798577587099,0.798,NS,-0.025656172434268973,0.849,NS,0.22377942167480513,0.387,NS
Bono,Sunyani West Municipal,Sunyani West Municipal,0.32105918589725624,0.151,NS,0.30741920816567003,0.276,NS,0.05023818065509363,0.656,NS,0.06451603437948424,0.563,NS,0.17138185187536104,0.291,NS
Bono,Tain,Tain,0.42730058923052994,0.157,NS,0.6902739237828884,0.065,NS,0.08653328971206395,0.526,NS,0.09623669211238553,0.515,NS,0.21116519190827232,0.319,NS
Bono,Wenchi Municipal,Wenchi Municipal,0.06304434923073403,0.828,NS,0.026044055724099825,0.942,NS,0.003162346135657011,0.978,NS,-0.004271459355908529,0.98,NS,-0.01006899168938046,0.965,NS
Bono East,Atebubu Amantin Municipal,Atebubu Amantin Municipal,0.15730738089344443,0.347,NS,0.6412038597663117,0.02,HH,-0.04442498016770537,0.675,NS,-0.06885721968722701,0.623,NS,-0.0008140817785314663,0.996,NS
Bono East,Kintampo North Municipal,Kintampo North Municipal,0.5974858816894507,0.006,HH,1.275781137128408,0.001,HH,0.4660625811424297,0.004,LL,0.39999650759685557,0.012,LL,0.7112423430682864,0.004,HH
Bono East,Kintampo South,Kintampo South,0.15730738089344443,0.365,NS,0.4023844543074583,0.174,NS,0.12345347959200342,0.221,NS,0.11962446220431208,0.336,NS,0.22390519252488256,0.25,NS
Bono East,Nkoranza North,Nkoranza North,0.19398892262644496,0.269,NS,0.6070868018436183,0.023,HH,0.034755789968393055,0.747,NS,0.053101515654357084,0.684,NS,0.1686363980340429,0.376,NS
Bono East,Nkoranza South Municipal,Nkoranza South Municipal,0.14813699546019432,0.516,NS,0.6497331242469851,0.084,NS,-0.06422017270173,0.684,NS,-0.09934690352262304,0.577,NS,-0.04317670173167507,0.778,NS
Bono East,Pru East,Pru East,0.46910048562394885,0.038,HH,1.0471968490463626,0.003,HH,0.33549044577376724,0.016,LL,0.30469129950628676,0.033,LL,0.5586154413589678,0.014,HH
Bono East,Pru West,Pru West,0.31931752354753,0.084,NS,0.7805151796173095,0.011,HH,0.183156287843661,0.072,NS,0.1935018900672898,0.167,NS,0.3805507226980957,0.042,HH
Bono East,Sene East,Sene East,0.6688111017258404,0.001,HH,0.4308153359097027,0.086,NS,0.33341787219648683,0.001,LL,0.11787515509133173,0.301,NS,0.22312913497098186,0.179,NS
Bono East,Sene West,Sene West,0.3150380103453467,0.13,NS,0.8424945015102026,0.01,HH,0.14949177130983585,0.21,NS,0.12401497667660909,0.415,NS,0.2873732037808468,0.239,NS
Bono East,Techiman Municipal,Techiman Municipal,0.019751599394692506,0.926,NS,0.20052519493152265,0.537,NS,-0.023360865035345877,0.843,NS,-0.030015210340558828,0.828,NS,-0.007039413026126076,0.982,NS
Bono East,Techiman North,Techiman North,0.08394429742744343,0.72,NS,0.28297475157803165,0.489,NS,0.03570748191714422,0.842,NS,0.059365759787811195,0.715,NS,0.13219543463348926,0.587,NS
Central,Abura Asebu Kwamankese,Abura Asebu Kwamankese,0.07565066719065391,0.513,NS,0.5900282728822718,0.088,NS,0.06506257357507628,0.583,NS,0.11723061319553214,0.412,NS,0.20347392886271162,0.327,NS
Central,Agona East,Agona East,0.03477965738375516,0.807,NS,0.17380016622541286,0.619,NS,0.034151619079637784,0.784,NS,0.13422424087882445,0.377,NS,0.25376542170465655,0.23,NS
Central,Agona West Municipal,Agona West Municipal,0.04159149235157161,0.711,NS,0.24317151733488931,0.445,NS,0.03930344482887753,0.699,NS,0.13139196959827573,0.331,NS,0.24538350623099903,0.215,NS
Central,Ajumako Enyan Essiam,Ajumako Enyan Essiam,0.07565066719065391,0.466,NS,0.5900282728822717,0.071,NS,0.06506257357507628,0.535,NS,0.11723061319553213,0.429,NS,0.20347392886271157,0.311,NS
Central,Asikuma Odoben Brakwa,Asikuma Odoben Brakwa,0.06105387797390436,0.52,NS,0.4413753776476793,0.118,NS,0.05402294696956253,0.581,NS,0.1232997659395651,0.345,NS,0.22143517630626336,0.187,NS
Central,Assin Central Municipal,Assin Fosu,0.07565066719065391,0.585,NS,0.5900282728822718,0.151,NS,0.06506257357507628,0.659,NS,0.11723061319553214,0.514,NS,0.2034739288627116,0.416,NS
Central,Assin North,Assin North,0.043720190779014255,0.655,NS,0.3597381319040916,0.173,NS,0.07690346340195801,0.404,NS,0.17780974891837964,0.137,NS,0.260147107349373,0.106,NS
Central,Assin South,Assin South,0.07565066719065391,0.483,NS,0.5900282728822717,0.056,NS,0.06506257357507628,0.528,NS,0.11723061319553213,0.402,NS,0.20347392886271157,0.308,NS
Central,Awutu Senya West,Awutu Senya,-0.07761561958521646,0.487,NS,0.09874263879548754,0.784,NS,0.08301086973371806,0.503,NS,0.18677860797345056,0.224,NS,0.25757538328359175,0.233,NS
Central,Awutu Senya East Municipal,Awutu Senya East Municipal,-0.0903878101498723,0.497,NS,0.23606379693432833,0.582,NS,0.10681729033302755,0.446,NS,0.19354458936587246,0.283,NS,0.23966856386259625,0.37,NS
Central,Cape Cape Metropolitan Area (CCMA)-Cape Coast South & Cape Coast North,Cape Coast Metropolitan,0.07565066719065391,0.586,NS,0.5900282728822717,0.212,NS,0.06506257357507628,0.701,NS,0.11723061319553213,0.545,NS,0.20347392886271157,0.488,NS
Central,Effutu Municipal,Effutu Municipal,0.07565066719065391,0.609,NS,0.5900282728822717,0.202,NS,0.06506257357507628,0.747,NS,0.11723061319553213,0.601,NS,0.20347392886271157,0.519,NS
Central,Ekumfi,Ekumfi,0.07565066719065391,0.614,NS,0.5900282728822717,0.227,NS,0.06506257357507628,0.711,NS,0.11723061319553213,0.582,NS,0.20347392886271157,0.505,NS
Central,Gomoa Central,Gomoa Central,0.07565066719065391,0.617,NS,0.5900282728822717,0.207,NS,0.06506257357507628,0.744,NS,0.11723061319553213,0.546,NS,0.20347392886271157,0.503,NS
Central,Gomoa East,Gomoa East,-0.00736857147960919,0.941,NS,0.41304603490830005,0.124,NS,0.08593993195405192,0.373,NS,0.1553876012807023,0.21,NS,0.2215712463626539,0.152,NS
Central,Gomoa West,Gomoa West,0.07565066719065391,0.481,NS,0.5900282728822717,0.063,NS,0.06506257357507628,0.525,NS,0.11723061319553213,0.413,NS,0.20347392886271157,0.287,NS
Central,Komenda Edina Eguafo Abirem Municipal,Komenda Edina Eguafo Abirem Municipal,0.10119504831996563,0.464,NS,-0.29701523310775524,0.468,NS,0.09622280996160705,0.475,NS,0.12195106532977996,0.516,NS,0.23109615030999198,0.385,NS
Central,Mfantsiman Municipal,Mfantseman Municipal,0.07565066719065391,0.603,NS,0.5900282728822717,0.212,NS,0.06506257357507628,0.742,NS,0.11723061319553213,0.593,NS,0.20347392886271157,0.529,NS
Central,Twifo Ati Morkwa,Twifo Atti-Morkwa,0.0948089530376377,0.331,NS,-0.07525435661024847,0.764,NS,0.08843275086497436,0.35,NS,0.120770952296218,0.311,NS,0.22419059494817187,0.152,NS
Central,Twifo Heman Lower Denkyira,Twifo Hemang Lower Denkyira,0.08416546090042448,0.439,NS,0.2943471042189294,0.345,NS,0.0754493190372532,0.455,NS,0.11880409724028142,0.4,NS,0.21268133601180503,0.258,NS
Central,Upper Denkyira East Municipal,Upper Denkyira East Municipal,0.08075954341651627,0.507,NS,0.2590928110321463,0.44,NS,0.10245485723891322,0.379,NS,0.15908528878586314,0.312,NS,0.23471561380998046,0.268,NS
Central,Upper Denkyira West,Upper Denkyira West,0.03307669864180104,0.789,NS,0.2573869581360116,0.41,NS,0.10287032705740032,0.325,NS,0.1654841239011769,0.253,NS,0.28348312202035125,0.112,NS
Eastern,Abuakwa North Municipal,Abuakwa North Municipal,0.00930162529633782,0.882,NS,0.34403112099956235,0.238,NS,0.002293202377442418,0.952,NS,0.21759486775683798,0.37,NS,0.5326205307671336,0.088,NS
Eastern,Abuakwa South Municipal,Abuakwa South Municipal,0.009301625296337818,0.823,NS,0.34403112099956235,0.15,NS,0.002293202377442418,0.899,NS,0.21759486775683795,0.259,NS,0.5326205307671336,0.042,LL
Eastern,Achiase,Achiase,-0.01219546427742066,0.807,NS,-0.13271274785610032,0.635,NS,-0.0064116066471349995,0.801,NS,0.18286675654499293,0.369,NS,0.4105698088873978,0.231,NS
Eastern,Akwapim North Municipal,Akwapem North,0.06560352656094337,0.066,NS,0.42590750753215073,0.055,NS,-0.010810811207942958,0.556,NS,0.31988048631729865,0.07,NS,0.5414264991567249,0.04,LL
Eastern,Akwapim South Municipal,Akwapem South,0.1219054278255489,0.003,LL,0.5077838940647391,0.016,LL,-0.023914824793328335,0.2,NS,0.4221661048777593,0.014,HH,0.5502324675463162,0.031,LL
Eastern,Akyemansa,Akyem Mansa,-0.00077513544136147,0.972,NS,0.011873507452584284,0.952,NS,-0.01192231236027475,0.467,NS,0.29798401408055336,0.061,NS,0.5175953472023933,0.036,LL
Eastern,Asene Manso Akroso,Asene Akroso Manso,0.00034450464060511743,0.996,NS,0.14538784230970292,0.472,NS,-0.0013338013827981722,0.942,NS,0.2031248214185692,0.217,NS,0.4817660633172437,0.05,NS
Eastern,Asuogyaman,Asuogyaman,-0.013091176342993931,0.759,NS,0.35054401538283647,0.143,NS,0.0029952031052309135,0.883,NS,0.14256499785470367,0.438,NS,0.31841534969032453,0.307,NS
Eastern,Atiwa East,Atiwa East,0.00930162529633782,0.813,NS,0.34403112099956235,0.116,NS,0.002293202377442418,0.912,NS,0.21759486775683798,0.192,NS,0.5326205307671336,0.045,LL
Eastern,Atiwa West,Atiwa West,0.00930162529633782,0.793,NS,0.34403112099956235,0.103,NS,0.002293202377442418,0.907,NS,0.21759486775683798,0.221,NS,0.5326205307671336,0.046,LL
Eastern,Ayensuano,Ayensuano,0.00930162529633782,0.791,NS,0.34403112099956235,0.095,NS,0.002293202377442418,0.903,NS,0.21759486775683798,0.197,NS,0.5326205307671336,0.03,LL
Eastern,Birim Central Municipal,Birim Central Municipal,0.00930162529633782,0.838,NS,0.34403112099956235,0.263,NS,0.002293202377442418,0.945,NS,0.21759486775683798,0.374,NS,0.5326205307671336,0.073,NS
Eastern,Birim North,Birim North,0.003927352902898199,0.926,NS,0.1668803937745074,0.526,NS,-0.005288405482673405,0.803,NS,0.26046907912948625,0.211,NS,0.5246070995326054,0.075,NS
Eastern,Birim South,Birim South,-0.0011483488020169986,0.972,NS,0.06397666251877694,0.786,NS,-0.00644280667948116,0.752,NS,0.24367667967519896,0.206,NS,0.4920396931051002,0.047,LL
Eastern,Denkyembuor,Denkyembour,0.00930162529633782,0.834,NS,0.34403112099956235,0.143,NS,0.002293202377442418,0.903,NS,0.21759486775683795,0.243,NS,0.5326205307671334,0.048,LL
Eastern,Fanteakwa North,Fanteakwa North,0.00930162529633782,0.832,NS,0.34403112099956235,0.189,NS,0.002293202377442418,0.91,NS,0.217594867756838,0.289,NS,0.5326205307671336,0.068,NS
Eastern,Fanteakwa South,Fanteakwa South,0.00930162529633782,0.805,NS,0.34403112099956235,0.114,NS,0.002293202377442418,0.903,NS,0.21759486775683798,0.202,NS,0.5326205307671336,0.032,LL
Eastern,Kwaebibirem Municipal,Kwaebibirem Municipal,0.00930162529633782,0.849,NS,0.34403112099956235,0.209,NS,0.002293202377442418,0.928,NS,0.217594867756838,0.326,NS,0.5326205307671336,0.09,NS
Eastern,Kwahu Afram Plains North,Kwahu Afram Plains North,-0.04780001888395814,0.151,NS,0.16492652545952516,0.422,NS,0.016918217539702875,0.319,NS,0.044758203160849996,0.794,NS,0.11075960760327407,0.656,NS
Eastern,Kwahu Afram Plains South,Kwahu Afram Plains South,-0.004134055687261232,0.883,NS,0.023271072623313932,0.926,NS,-0.0058383060527744,0.719,NS,0.22429396328381426,0.161,NS,0.41010749554694426,0.099,NS
Eastern,Kwahu East,Kwahu East,-0.0014469194905414222,0.978,NS,-0.010270333450547571,0.971,NS,-0.012870013342789227,0.572,NS,0.3033432905021344,0.138,NS,0.5165936682980774,0.084,NS
Eastern,Kwahu South Municipal,Kwahu South Municipal,0.00930162529633782,0.85,NS,0.34403112099956235,0.201,NS,0.002293202377442418,0.939,NS,0.217594867756838,0.283,NS,0.5326205307671336,0.077,NS
Eastern,Kwahu West Municipal,Kwahu West Municipal,0.003927352902898199,0.938,NS,0.1668803937745074,0.557,NS,-0.005288405482673405,0.836,NS,0.2604690791294862,0.207,NS,0.5246070995326054,0.076,NS
Eastern,Lower Manya Krobo Municipal,Lower Manya,-0.0018947755233280558,0.983,NS,0.34728756819119944,0.255,NS,0.0026442027413366657,0.924,NS,0.18007993280577084,0.46,NS,0.425517940228729,0.299,NS
Eastern,New Juaben North Municipal,New Juaben North Municipal,0.00930162529633782,0.845,NS,0.34403112099956235,0.195,NS,0.002293202377442418,0.91,NS,0.21759486775683798,0.3,NS,0.5326205307671336,0.066,NS
Eastern,New Juaben South Municipal,New Juaben South Municipal,0.00930162529633782,0.838,NS,0.34403112099956235,0.17,NS,0.002293202377442418,0.926,NS,0.21759486775683798,0.34,NS,0.5326205307671336,0.072,NS
Eastern,Nsawam Adoagyiri Municipal,Nsawam Adoagyiri Municipal,0.0881242870667856,0.046,LL,0.4586580621451862,0.078,NS,-0.01605241664209711,0.449,NS,0.360794733741483,0.076,NS,0.5449488865125613,0.064,NS
Eastern,Okere,Okere,0.05856578890286768,0.209,NS,0.41567295921557723,0.159,NS,-0.009172809509769786,0.734,NS,0.3070947839972411,0.187,NS,0.540325753108026,0.081,NS
Eastern,Suhum Municipal,Suhum Municipal,0.00930162529633782,0.849,NS,0.34403112099956235,0.197,NS,0.002293202377442418,0.924,NS,0.217594867756838,0.281,NS,0.5326205307671336,0.09,NS
Eastern,Upper Manya Krobo,Upper Manya,0.00930162529633782,0.807,NS,0.34403112099956235,0.109,NS,0.002293202377442418,0.916,NS,0.21759486775683798,0.206,NS,0.5326205307671336,0.033,LL
Eastern,Upper West Akim,Upper West Akim,0.04960866824713498,0.123,NS,0.21702968052571778,0.278,NS,-0.012799813270010379,0.458,NS,0.2926247376589723,0.074,NS,0.48947128565813613,0.033,LL
Eastern,West Akim Municipal,West Akim Municipal,0.00930162529633782,0.866,NS,0.34403112099956235,0.191,NS,0.002293202377442418,0.919,NS,0.21759486775683798,0.316,NS,0.5326205307671336,0.069,NS
Eastern,Yilo Krobo Municipal,Yilo Krobo Municipal,0.03393370709960275,0.321,NS,0.3798520401075698,0.054,NS,-0.003439803566163684,0.865,NS,0.26234482587703956,0.098,NS,0.5364731419375798,0.03,LL
Greater Accra,Ablekuma Central Municipal,Ablekuma Central Municipal,4.578096650138952,0.001,LL,1.155867626404748,0.055,NS,0.8278460582567303,0.081,NS,1.5225959578495605,0.018,HH,0.5960458066865294,0.112,NS
Greater Accra,Ablekuma North Municipal,Ablekuma North Municipal,4.578096650138952,0.001,LL,1.155867626404748,0.002,LL,0.8278460582567304,0.011,HH,1.5225959578495607,0.002,HH,0.5960458066865295,0.027,LL
Greater Accra,Ablekuma West Municipal,Ablekuma West Municipal,4.578096650138952,0.001,LL,1.155867626404748,0.016,LL,0.8278460582567304,0.063,NS,1.5225959578495607,0.014,HH,0.5960458066865295,0.057,NS
Greater Accra,"Accra Metropolitan Area (AMA)-Ablekuma South, Ashiedu Keteke & Okaikoi South",Accra Metropolis,4.578096650138952,0.001,LL,1.155867626404748,0.058,NS,0.8278460582567303,0.082,NS,1.5225959578495605,0.032,HH,0.5960458066865294,0.103,NS
Greater Accra,Ada East,Ada East,1.0012198016163654,0.406,NS,0.8216054384240312,0.209,NS,0.22911743753399713,0.718,NS,0.6266305376656359,0.41,NS,0.27217556689865546,0.594,NS
Greater Accra,Ada West,Ada West,2.4319705410254002,0.016,LL,0.955310313616318,0.039,LL,0.46860888582309046,0.213,NS,0.985016705739206,0.068,NS,0.40172366281380517,0.277,NS
Greater Accra,Adentan Municipal,Adenta Municipal,4.578096650138952,0.001,LL,1.155867626404748,0.031,LL,0.8278460582567304,0.053,NS,1.5225959578495607,0.007,HH,0.5960458066865295,0.055,NS
Greater Accra,Ashaiman Municipal,Ashaiman Municipal,4.578096650138952,0.004,LL,1.155867626404748,0.058,NS,0.8278460582567303,0.071,NS,1.5225959578495605,0.014,HH,0.5960458066865294,0.118,NS
Greater Accra,Ayawaso Central Municipal,Ayawaso Central Municipal,4.578096650138952,0.001,LL,1.155867626404748,0.032,LL,0.8278460582567304,0.04,HH,1.5225959578495607,0.013,HH,0.5960458066865295,0.061,NS
Greater Accra,Ayawaso East Municipal,Ayawaso East Municipal,4.578096650138952,0.001,LL,1.155867626404748,0.016,LL,0.8278460582567305,0.034,HH,1.5225959578495607,0.004,HH,0.5960458066865296,0.055,NS
Greater Accra,Ayawaso North Municipal,Ayawaso North Municipal,4.578096650138952,0.001,LL,1.155867626404748,0.008,LL,0.8278460582567305,0.024,HH,1.5225959578495607,0.006,HH,0.5960458066865296,0.06,NS
Greater Accra,Ayawaso West Municipal,Ayawaso West Municipal,4.578096650138951,0.001,LL,1.155867626404748,0.002,LL,0.8278460582567304,0.011,HH,1.5225959578495605,0.001,HH,0.5960458066865294,0.021,LL
Greater Accra,Ga Central Municipal,Ga Central Municipal,4.578096650138952,0.001,LL,1.155867626404748,0.033,LL,0.8278460582567304,0.062,NS,1.5225959578495607,0.006,HH,0.5960458066865295,0.054,NS
Greater Accra,Ga East Municipal,Ga East Municipal,3.7037489760556537,0.003,LL,1.050813795896523,0.023,LL,0.6535626775711031,0.093,NS,1.3331956728233387,0.015,HH,0.5895249293753643,0.062,NS
Greater Accra,Ga North Municipal,Ga North Municipal,2.8294013019723545,0.006,LL,0.9457599653882977,0.047,LL,0.47927929688547577,0.242,NS,1.1437953877971168,0.034,HH,0.583004052064199,0.067,NS
Greater Accra,Ga South Municipal,Ga South Municipal,2.6704289975935724,0.003,LL,0.6544743444336729,0.165,NS,0.5344097540411332,0.175,NS,1.1131737848288052,0.038,HH,0.5399662618105084,0.093,NS
Greater Accra,Ga West Municipal,Ga West Municipal,3.1208505266667874,0.001,LL,0.9807779088910392,0.023,LL,0.5373737571140181,0.119,NS,1.2069288161391905,0.015,HH,0.5851776778345873,0.048,LL
Greater Accra,Korle Klottey Municipal,Korle Klottey Municipal,4.578096650138952,0.001,LL,1.155867626404748,0.013,LL,0.8278460582567305,0.03,HH,1.5225959578495607,0.011,HH,0.5960458066865296,0.055,NS
Greater Accra,Kpone Katamanso Municipal,Kpone Katamanso Municipal,3.6065992344908424,0.001,LL,1.0391411480622756,0.004,LL,0.6341978574949222,0.02,HH,1.312151196709314,0.001,HH,0.5888003874519014,0.02,LL
Greater Accra,Krowor Municipal,Krowor Municipal,4.578096650138952,0.016,LL,1.155867626404748,0.137,NS,0.8278460582567304,0.142,NS,1.5225959578495607,0.057,NS,0.5960458066865295,0.135,NS
Greater Accra,La Dade-Kotopon Municipal,La Dade-Kotopon Municipal,4.578096650138952,0.002,LL,1.155867626404748,0.018,LL,0.8278460582567304,0.046,HH,1.5225959578495607,0.013,HH,0.5960458066865295,0.062,NS
Greater Accra,La Nkwantanang Madina Municipal,La Nkwantanang Madina Municipal,3.7037489760556537,0.001,LL,1.050813795896523,0.035,LL,0.6535626775711031,0.09,NS,1.3331956728233387,0.012,HH,0.5895249293753643,0.063,NS
Greater Accra,Ledzokuku Municipal,Ledzokuku Municipal,4.578096650138952,0.003,LL,1.155867626404748,0.053,NS,0.8278460582567303,0.081,NS,1.5225959578495605,0.026,HH,0.5960458066865294,0.115,NS
Greater Accra,Ningo-Prampram,Ningo/Prampram,4.578096650138952,0.002,LL,1.155867626404748,0.069,NS,0.8278460582567303,0.073,NS,1.5225959578495605,0.026,HH,0.5960458066865294,0.12,NS
Greater Accra,Okaikoi North Municipal,Okaikwei North Municipal,4.578096650138952,0.001,LL,1.155867626404748,0.006,LL,0.8278460582567303,0.024,HH,1.5225959578495605,0.001,HH,0.5960458066865294,0.053,NS
Greater Accra,Shai-Osudoku,Shai-Osudoku,1.9380208809913289,0.026,LL,0.8591246636055403,0.031,LL,0.3260826809183718,0.335,NS,0.9247456141825295,0.041,HH,0.5126717324937738,0.069,NS
Greater Accra,Tema Metropolitan Area (TMA)-Tema Central & Tema East,Tema Metropolitan,4.578096650138952,0.003,LL,1.155867626404748,0.069,NS,0.8278460582567303,0.08,NS,1.5225959578495605,0.023,HH,0.5960458066865294,0.116,NS
Greater Accra,Tema West Municipal,Tema West Municipal,4.578096650138952,0.001,LL,1.155867626404748,0.015,LL,0.8278460582567305,0.034,HH,1.5225959578495607,0.004,HH,0.5960458066865296,0.064,NS
Greater Accra,Weija Gbawe Municipal,Weija Gbawe Municipal,2.855896686035484,0.004,LL,0.4953018739666647,0.267,NS,0.6292578523734473,0.085,NS,1.155892811192005,0.017,HH,0.5134480274117696,0.083,NS
North East,Bunkpurugu Nakpanduri,Bunkpurugu Nakpanduri,-0.03097224313351214,0.733,NS,1.3786535700712437,0.016,HH,5.666783874951448,0.001,LL,3.551577615953255,0.001,LL,3.020076082834643,0.002,HH
North East,Chereponi,Chereponi,-0.09309706269389026,0.39,NS,2.032718631306636,0.005,HH,6.115939540606708,0.001,LL,3.3612215273000774,0.004,LL,3.076644141310832,0.007,HH
North East,East Mamprusi Municipal,East Mamprusi Municipal,-0.06525811053240008,0.305,NS,0.9177199491309764,0.048,HH,3.612039444726609,0.001,LL,3.387868377249556,0.001,LL,3.0925239458618803,0.001,HH
North East,Mamprugu Moagduri,Mamprugu Moagduri,-0.09016664667689128,0.237,NS,0.4886795935605467,0.408,NS,2.347599633837987,0.037,LL,3.380737530079977,0.001,LL,2.9364224709355313,0.001,HH
North East,West Mamprusi Municipal,West Mamprusi Municipal,-0.08943404267264156,0.171,NS,0.9480944875784406,0.033,HH,3.1588394748784765,0.008,LL,3.2977945182654027,0.001,LL,3.125781649732945,0.001,HH
North East,Yunyoo Nasuan,Yunyoo Nasuan,-0.028627910319912964,0.781,NS,1.9517198621133984,0.003,HH,7.324472793535061,0.001,LL,3.6014184845911537,0.001,LL,2.987956930987992,0.011,HH
Northern,Gushegu Municipal,Gushegu Municipal,0.20683220145027326,0.508,NS,2.231386049892949,0.001,HH,4.013785967645161,0.001,LL,2.8701276844895545,0.001,LL,3.2898217977181754,0.001,HH
Northern,Karaga,Karaga,0.4092757661825737,0.245,NS,2.296757521777991,0.001,HH,3.5173302342933854,0.001,LL,2.7307405258676396,0.001,LL,3.358983156654011,0.001,HH
Northern,Kpandai,Kpandai,1.790308956865467,0.001,HH,1.70187712762411,0.01,HH,3.6563378396318824,0.001,LL,1.759908966066002,0.009,LL,2.4462027567743525,0.007,HH
Northern,Kumbungu,Kumbungu,0.550986261495184,0.078,NS,2.4797976430561084,0.001,HH,3.7937036228600824,0.001,LL,2.7722082055576593,0.001,LL,3.4087045660511257,0.001,HH
Northern,Mion,Mion,0.7871704203495345,0.003,HH,2.5103043299357948,0.001,HH,3.0065411333120315,0.001,LL,2.5632436235903047,0.001,LL,3.488956665428924,0.001,HH
Northern,Nanton,Nanton,0.6926967568077945,0.069,NS,2.38827758241705,0.002,HH,2.822292207600901,0.001,LL,2.535598503796959,0.002,LL,3.4558090591641815,0.001,HH
Northern,Nanumba North Municipal,Nanumba North Municipal,0.8627493511829267,0.023,HH,2.6079257279507906,0.001,HH,3.153940273880937,0.001,LL,2.585359719424982,0.001,LL,3.515474750440719,0.001,HH
Northern,Nanumba South,Nanumba South,1.0920626981433326,0.004,HH,2.3196375369377558,0.002,HH,3.23822047554286,0.001,LL,2.3477743075539275,0.001,LL,3.2085104703206384,0.001,HH
Northern,Saboba,Saboba,0.522644162432662,0.172,NS,2.333365546033615,0.001,HH,3.2393150236163923,0.002,LL,2.652683717039367,0.001,LL,3.3977135176580795,0.001,HH
Northern,Sagnarigu Municipal,Sagnerigu,0.6926967568077945,0.068,NS,2.38827758241705,0.001,HH,2.822292207600901,0.002,LL,2.5355985037969586,0.001,LL,3.4558090591641815,0.001,HH
Northern,Savelugu Municipal,Savelugu Municipal,0.522644162432662,0.192,NS,2.333365546033615,0.001,HH,3.2393150236163923,0.002,LL,2.652683717039367,0.001,LL,3.3977135176580795,0.001,HH
Northern,Tamale Metropolitan Area (TMA)-Tamale Central & Tamale South,Tamale Metropolitan,0.9761177474330152,0.008,HH,2.754357824973284,0.001,HH,3.375038984734294,0.001,LL,2.6185338631769977,0.001,LL,3.55525187795841,0.001,HH
Northern,Tatale Sanguli,Tatale Sanguli,0.6926967568077944,0.096,NS,2.38827758241705,0.003,HH,2.822292207600901,0.003,LL,2.5355985037969586,0.001,LL,3.4558090591641815,0.002,HH
Northern,Tolon,Tolon,1.0328019455580593,0.012,HH,2.827573873484531,0.001,HH,3.485588340160973,0.001,LL,2.635120935053006,0.001,LL,3.575140441717256,0.001,HH
Northern,Yendi Municipal,Yendi Municipal,0.6926967568077945,0.062,NS,2.38827758241705,0.002,HH,2.822292207600901,0.001,LL,2.5355985037969586,0.002,LL,3.4558090591641815,0.001,HH
Northern,Zabzugu,Zabzugu,0.6926967568077945,0.063,NS,2.38827758241705,0.002,HH,2.822292207600901,0.004,LL,2.5355985037969586,0.001,LL,3.4558090591641815,0.001,HH
Oti,Biakoye,Biakoye,3.5233364527104487,0.002,HH,0.05430006421302789,0.809,NS,2.1815395083249225,0.007,LL,0.18385280979552363,0.529,NS,0.28153695420506514,0.4,NS
Oti,Jasikan Municipal,Jasikan Municipal,5.1530110981532005,0.004,HH,0.09997193535972822,0.766,NS,3.219643721589815,0.02,LL,0.31854418664521306,0.46,NS,0.49753870655382315,0.413,NS
Oti,Kadjebi,Kadjebi,7.234712287587371,0.001,HH,0.32292278003638375,0.266,NS,4.745373058468393,0.001,LL,0.5305436318642509,0.146,NS,0.8105873484741942,0.049,HH
Oti,Krachi East Municipal,Krachi East Municipal,6.235495716658969,0.001,HH,0.34185256873534503,0.159,NS,4.053472545232758,0.002,LL,0.48312270332841345,0.103,NS,0.7510193882707228,0.023,HH
Oti,Krachi Nchumuru,Krachi Nchumuru,5.02810902678715,0.001,HH,0.5942497513881625,0.009,HH,4.049924337472576,0.001,LL,0.7118589468542174,0.011,LL,1.0628006267825094,0.006,HH
Oti,Krachi West Municipal,Krachi West Municipal,5.236279145730567,0.002,HH,0.36078235743430637,0.29,NS,3.3615720319971247,0.017,LL,0.43570177479257605,0.313,NS,0.6914514280672515,0.121,NS
Oti,Nkwanta North (Kpassa),Nkwanta North,3.903990384492697,0.021,HH,0.6931053145938495,0.037,HH,4.021538675391114,0.007,LL,0.9500793760871887,0.016,LL,1.3859884959715563,0.01,HH
Oti,Nkwanta South Municipal,Nkwanta South Municipal,6.235495716658969,0.001,HH,0.4339775404036235,0.092,NS,4.528222743545209,0.001,LL,0.6564043551311323,0.042,LL,0.9832076927234028,0.012,HH
Savannah,Bole,Bole,1.8012233742570822,0.023,HH,2.8101418513226397,0.001,HH,3.6681807988486645,0.005,LL,1.6352724752823187,0.017,LL,2.2232757530974596,0.014,HH
Savannah,Central Gonja,Central Gonja,2.526821235630602,0.001,HH,4.152158634582784,0.001,HH,5.44865225988555,0.001,LL,2.6271307571501614,0.001,LL,3.5482356947319458,0.001,HH
Savannah,East Gonja Municipal,East Gonja Municipal,1.8873112561149574,0.029,HH,3.0756822388370475,0.001,HH,3.2815535000595464,0.014,LL,1.5774140755066945,0.039,LL,2.2411855564464505,0.015,HH
Savannah,North East Gonja,North East Gonja,2.0125299933627763,0.001,HH,3.0993668017028266,0.001,HH,4.056387780166032,0.001,LL,2.0984318876275934,0.001,LL,2.8904353107514056,0.001,HH
Savannah,North Gonja,North Gonja,1.571655689302748,0.032,HH,2.918696097790794,0.001,HH,4.784621425689152,0.001,LL,3.022802618049602,0.001,LL,3.666009911766122,0.001,HH
Savannah,Sawla Tuna Kalba,Sawla Tuna Kalba,1.9906167143444078,0.021,HH,1.9634187288710403,0.05,NS,3.3597477852079076,0.014,LL,3.0447673809273854,0.001,LL,3.6040363065267593,0.001,HH
Savannah,West Gonja,West Gonja,3.4368931295567124,0.002,HH,5.089781027153871,0.001,HH,7.1130734723292335,0.001,LL,3.0576248030997464,0.001,LL,4.07821967138574,0.001,HH
Upper East,Bawku Municipal,Bawku Municipal,0.30654533298287423,0.254,NS,0.37057588406918146,0.223,NS,0.5531202224185163,0.109,NS,2.5209839716425417,0.005,LL,3.614607533399957,0.002,HH
Upper East,Bawku West,Bawku West,0.22427252103392215,0.353,NS,0.12993814147451724,0.657,NS,0.007995167472540884,0.986,NS,2.6391906141361505,0.001,LL,3.539134006828782,0.001,HH
Upper East,Binduri,Binduri,0.30654533298287423,0.305,NS,0.37057588406918146,0.315,NS,0.5531202224185163,0.17,NS,2.5209839716425413,0.011,LL,3.6146075333999566,0.006,HH
Upper East,Bolgatanga East,Bolga  East,0.30654533298287423,0.245,NS,0.37057588406918146,0.228,NS,0.5531202224185163,0.107,NS,2.5209839716425417,0.004,LL,3.614607533399957,0.001,HH
Upper East,Bolgatanga Municipal,Bolgatanga Municipal,0.30654533298287423,0.19,NS,0.37057588406918146,0.183,NS,0.5531202224185164,0.07,NS,2.5209839716425417,0.001,LL,3.6146075333999574,0.001,HH
Upper East,Bongo,Bongo,0.30654533298287423,0.226,NS,0.37057588406918146,0.192,NS,0.5531202224185163,0.104,NS,2.5209839716425417,0.001,LL,3.614607533399957,0.001,HH
Upper East,Builsa North Municipal,Builsa North Municipal,0.30654533298287423,0.322,NS,0.37057588406918146,0.322,NS,0.5531202224185163,0.165,NS,2.5209839716425413,0.009,LL,3.6146075333999566,0.003,HH
Upper East,Builsa South,Builsa South,0.10943338768850987,0.601,NS,0.03034836410856072,0.915,NS,-0.3420962567038743,0.293,NS,2.755694691820181,0.001,LL,3.340279998877069,0.001,HH
Upper East,Garu,Garu,0.16942397973462078,0.425,NS,-0.030487020255258863,0.892,NS,-0.3554215358247759,0.237,NS,2.717995042465223,0.001,LL,3.4888183224479983,0.001,HH
Upper East,Kasena Nankana Municipal,Kasena Nankana East,0.23798465635874747,0.266,NS,0.1700444319069613,0.509,NS,0.09884934329687019,0.762,NS,2.619489507053882,0.001,LL,3.5517129279239774,0.001,HH
Upper East,Kasena Nankana West,Kasena Nankana West,0.2465547409367633,0.27,NS,0.43141126843300104,0.067,NS,0.5664455015394181,0.044,HH,2.558683620997499,0.001,LL,3.4660692098290267,0.001,HH
Upper East,Nabdam,Nabdam,0.30654533298287423,0.237,NS,0.37057588406918146,0.22,NS,0.5531202224185163,0.094,NS,2.5209839716425417,0.004,LL,3.614607533399957,0.001,HH
Upper East,Pusiga,Pusiga,0.30654533298287423,0.388,NS,0.37057588406918146,0.445,NS,0.5531202224185163,0.318,NS,2.5209839716425417,0.043,LL,3.614607533399957,0.009,HH
Upper East,Talensi,Talensi,0.18901274448437125,0.349,NS,0.02680768036251831,0.907,NS,-0.2256298560757343,0.438,NS,2.689850603776269,0.001,LL,3.5067882097268495,0.001,HH
Upper East,Tempane,Tempane,0.30654533298287423,0.315,NS,0.37057588406918146,0.321,NS,0.5531202224185163,0.159,NS,2.5209839716425417,0.009,LL,3.614607533399957,0.002,HH
Upper West,Daffiama Bussie Issa,Daffiama Bussie Issa,0.00930162529633782,0.823,NS,1.4601327525601857,0.004,LL,0.724580318544495,0.036,HH,2.9936756042520942,0.001,LL,2.051892339606732,0.002,HH
Upper West,Jirapa Municipal,Jirapa Municipal,0.00930162529633782,0.856,NS,1.4601327525601857,0.007,LL,0.724580318544495,0.062,NS,2.993675604252095,0.001,LL,2.0518923396067326,0.002,HH
Upper West,Lambussie Karni,Lambussie Karni,0.00930162529633782,0.868,NS,1.4601327525601857,0.005,LL,0.724580318544495,0.09,NS,2.9936756042520947,0.001,LL,2.051892339606732,0.006,HH
Upper West,Lawra Municipal,Lawra Municipal,0.00930162529633782,0.869,NS,1.4601327525601857,0.036,LL,0.724580318544495,0.098,NS,2.9936756042520942,0.003,LL,2.051892339606732,0.016,HH
Upper West,Nadowli Kaleo,Nadowli Kaleo,0.00930162529633782,0.882,NS,1.4601327525601857,0.009,LL,0.724580318544495,0.077,NS,2.9936756042520947,0.001,LL,2.051892339606732,0.009,HH
Upper West,Nandom,Nandom,0.00930162529633782,0.895,NS,1.4601327525601857,0.073,NS,0.724580318544495,0.194,NS,2.9936756042520947,0.023,LL,2.051892339606732,0.05,NS
Upper West,Sissala East Municipal,Sissala East Municipal,-0.0101054694577497,0.807,NS,0.6998082118665143,0.157,NS,0.15889189534098588,0.671,NS,2.97777278254372,0.001,LL,2.340247868401246,0.001,HH
Upper West,Sissala West,Sissala West,0.00930162529633782,0.849,NS,1.4601327525601857,0.007,LL,0.724580318544495,0.082,NS,2.9936756042520947,0.002,LL,2.051892339606732,0.003,HH
Upper West,Wa East,Wa East,-0.04316150997295371,0.237,NS,-0.18063482769304792,0.708,NS,-0.589813370663658,0.047,HL,3.0595587227582186,0.001,LL,2.347449554934576,0.001,HH
Upper West,Wa Municipal,Wa Municipal,0.00930162529633782,0.863,NS,1.4601327525601857,0.015,LL,0.724580318544495,0.076,NS,2.9936756042520947,0.001,LL,2.051892339606732,0.005,HH
Upper West,Wa West,Wa West,-0.03772325814625886,0.382,NS,0.41356838478183805,0.484,NS,-0.02412494746014913,0.957,NS,3.0016270151062816,0.002,LL,2.262109569514621,0.004,HH
Volta,Adaklu,Adaklu,0.13536480489553845,0.434,NS,0.37057588406918146,0.239,NS,0.005960798016500681,0.911,NS,0.020960942482645406,0.791,NS,0.020389298975794324,0.68,NS
Volta,Afadzato South,Afadzato South,0.13536480489553845,0.37,NS,0.37057588406918146,0.183,NS,0.005960798016500681,0.861,NS,0.020960942482645406,0.743,NS,0.020389298975794324,0.753,NS
Volta,Agortime-Ziope,Agotime Ziope,0.13536480489553845,0.35,NS,0.37057588406918146,0.2,NS,0.005960798016500681,0.87,NS,0.020960942482645406,0.761,NS,0.020389298975794324,0.742,NS
Volta,Akatsi North,Akatsi North,0.13536480489553845,0.505,NS,0.37057588406918146,0.332,NS,0.005960798016500681,0.916,NS,0.020960942482645406,0.798,NS,0.020389298975794324,0.873,NS
Volta,Akatsi South Municipal,Akatsi South Municipal,0.13536480489553845,0.342,NS,0.37057588406918146,0.129,NS,0.005960798016500681,0.862,NS,0.020960942482645406,0.724,NS,0.020389298975794324,0.78,NS
Volta,Anloga,Anloga,-0.172163004284617,0.389,NS,0.4652087041906786,0.19,NS,-0.01944175893145605,0.723,NS,0.07352323751298814,0.396,NS,0.05033968165210239,0.593,NS
Volta,Central Tongu,Central Tongu,0.13536480489553845,0.34,NS,0.37057588406918146,0.121,NS,0.005960798016500681,0.855,NS,0.020960942482645406,0.739,NS,0.020389298975794324,0.775,NS
Volta,Ho Municipal,Ho Municipal,0.13536480489553845,0.503,NS,0.37057588406918146,0.307,NS,0.005960798016500681,0.912,NS,0.020960942482645406,0.822,NS,0.020389298975794324,0.877,NS
Volta,Ho West,Ho West,0.1109578359129864,0.408,NS,0.3686446020258856,0.126,NS,0.005637427418860499,0.854,NS,0.027614397549777396,0.625,NS,0.03236370892404022,0.583,NS
Volta,Hohoe Municipal,Hohoe Municipal,0.5624867620901988,0.007,HH,0.012323065037799322,0.976,NS,0.08707292292458038,0.024,LL,-0.04224688065510853,0.552,NS,-0.05408463915556233,0.473,NS
Volta,Keta Municipal,Keta Municipal,0.13536480489553845,0.369,NS,0.37057588406918146,0.17,NS,0.005960798016500681,0.886,NS,0.020960942482645406,0.765,NS,0.020389298975794324,0.754,NS
Volta,Ketu North Municipal,Ketu North Municipal,0.13536480489553845,0.465,NS,0.37057588406918146,0.214,NS,0.005960798016500681,0.899,NS,0.020960942482645406,0.761,NS,0.020389298975794324,0.712,NS
Volta,Ketu South Municipal,Ketu South Municipal,0.13536480489553845,0.528,NS,0.37057588406918146,0.426,NS,0.005960798016500681,0.966,NS,0.020960942482645406,0.925,NS,0.020389298975794324,0.921,NS
Volta,Kpando Municipal,Kpando Municipal,0.27204383119782977,0.094,NS,0.2245709615960144,0.408,NS,0.037952929143036315,0.263,NS,0.004992650321528623,0.933,NS,0.007363897650795906,0.936,NS
Volta,North Dayi,North Dayi,0.09265260917607242,0.615,NS,0.36719614049341376,0.238,NS,0.0053948994706303635,0.915,NS,0.032604488850126394,0.643,NS,0.04134451638522463,0.585,NS
Volta,North Tongu,North Tongu,-0.1770443980811274,0.187,NS,0.44782716580101584,0.056,NS,-0.016459563419885453,0.574,NS,0.07932124835720317,0.132,NS,0.07000987545197873,0.216,NS
Volta,South Dayi,South Dayi,0.0670252917443928,0.684,NS,0.36516829434795306,0.199,NS,0.005055360343108172,0.886,NS,0.03959061667061498,0.547,NS,0.05391764683088282,0.391,NS
Volta,South Tongu,South Tongu,-0.12823046011602335,0.334,NS,0.4516897298876076,0.036,LL,-0.01581282222460509,0.583,NS,0.06601433822293919,0.243,NS,0.04606105555548696,0.404,NS
Western,Ahanta West Municipal,Ahanta West Municipal,0.21232969349294523,0.288,NS,2.376149011953483,0.001,LL,0.24939745855899784,0.261,NS,0.13687272376436757,0.427,NS,0.32896202603871105,0.237,NS
Western,Effia Kwesimintsim Municipal,Effia Kwesimintsim Municipal,0.2123296934929452,0.43,NS,2.376149011953482,0.004,LL,0.2493974585589978,0.415,NS,0.13687272376436754,0.533,NS,0.328962026038711,0.389,NS
Western,Ellembelle,Ellembelle,0.21232969349294523,0.332,NS,2.3761490119534825,0.001,LL,0.24939745855899784,0.295,NS,0.13687272376436754,0.447,NS,0.32896202603871105,0.327,NS
Western,Jomoro Municipal,Jomoro Municipal,0.05541420941288744,0.831,NS,1.5773844524227498,0.077,NS,0.0720698461458814,0.862,NS,0.018425383943754703,0.92,NS,0.35722096741630127,0.311,NS
Western,Mpohor,Mpohor,0.2123296934929452,0.27,NS,2.376149011953482,0.001,LL,0.2493974585589978,0.205,NS,0.13687272376436754,0.372,NS,0.328962026038711,0.168,NS
Western,Nzema East Municipal,Nzema East Municipal,0.21232969349294523,0.301,NS,2.376149011953483,0.001,LL,0.24939745855899784,0.269,NS,0.13687272376436757,0.41,NS,0.32896202603871105,0.219,NS
Western,Prestea/Huni Valley Municipal,Prestea/Huni Valley Municipal,0.19806464948566724,0.285,NS,1.7827810534449382,0.004,LL,0.22906172319052115,0.269,NS,0.13517252271431093,0.394,NS,0.31725475032513795,0.186,NS
Western,"Sekondi Takoradi Metropolitan Area (STMA)- Takoradi, Sekondi & Essikado-Ketan",Sekondi Takoradi Metropolis,0.21232969349294523,0.345,NS,2.3761490119534825,0.002,LL,0.24939745855899784,0.349,NS,0.13687272376436754,0.5,NS,0.32896202603871105,0.317,NS
Western,Shama,Shama,0.19093212748202826,0.378,NS,1.4860970741906665,0.06,NS,0.21889385550628285,0.372,NS,0.13432242218928261,0.47,NS,0.31140111246835134,0.373,NS
Western,Tarkwa-Nsuaem Municipal,Tarkwa-Nsuaem Municipal,0.21232969349294525,0.275,NS,2.376149011953483,0.001,LL,0.24939745855899784,0.246,NS,0.13687272376436757,0.435,NS,0.32896202603871105,0.211,NS
Western,Wassa Amenfi Central,Wassa Amenfi Central,0.07783070713860998,0.657,NS,1.6914936752128549,0.004,LL,0.09740236220489804,0.609,NS,0.03534643248955654,0.798,NS,0.35318397579093125,0.113,NS
Western,Wassa Amenfi East Municipal,Wassa Amenfi East Municipal,0.09107681943108238,0.654,NS,0.19666285666248393,0.759,NS,0.09972644624700962,0.624,NS,0.07254845070389122,0.649,NS,0.3079696695867868,0.217,NS
Western,Wassa Amenfi West Municipal,Wassa Amenfi West Municipal,-0.023043532627141438,0.9,NS,1.1780021726573837,0.049,LL,-0.016593960060676805,0.932,NS,-0.04079828596655172,0.792,NS,0.37135043810509644,0.093,NS
Western,Wassa East,Wassa East,0.1756481517599447,0.314,NS,0.850345690074369,0.125,NS,0.1971055676114864,0.299,NS,0.13250077820707906,0.327,NS,0.29885760277523726,0.171,NS
Western North,Aowin Municipal,Aowin Municipal,0.028045229631482215,0.916,NS,-0.009986941453791852,0.12,NS,0.018802158268359806,0.958,NS,0.06512015364084513,0.819,NS,0.4670511825404389,0.172,NS
Western North,Bia East,Bia East,0.4316962132560285,0.109,NS,-0.0042550822422996026,0.532,NS,0.19991118276506245,0.523,NS,0.1987735544055539,0.513,NS,0.4358253878671927,0.243,NS
Western North,Bia West,Bia West,0.3145072180101925,0.345,NS,0.0001707837311311243,0.983,NS,0.320189695217071,0.448,NS,0.3487096029791612,0.538,NS,0.520363514909396,0.225,NS
Western North,Bibiani Anhwiaso Bekwai Municipal,Bibiani Anhwiaso Bekwai Municipal,-0.09348409877160699,0.702,NS,-0.0009900991471457875,0.834,NS,-0.20516472698710453,0.365,NS,-0.23068128155414505,0.324,NS,0.4411566211040883,0.14,NS
Western North,Bodi,Bodi,0.3145072180101925,0.229,NS,0.0001707837311311243,0.971,NS,0.320189695217071,0.228,NS,0.3487096029791612,0.247,NS,0.520363514909396,0.087,NS
Western North,Juaboso,Juaboso,0.4335563560377084,0.041,LL,-0.0017363809974666597,0.724,NS,0.3217697085169334,0.131,NS,0.32932549844475817,0.149,NS,0.47771364901423036,0.076,NS
Western North,Sefwi Akontombra,Sefwi Akontombra,0.19992242265870844,0.38,NS,-0.003892306342838066,0.508,NS,0.19963468043758653,0.464,NS,0.23527382324383478,0.365,NS,0.4990385819618132,0.094,NS
Western North,Sefwi Wiawso Municipal,Sefwi Wiawso Municipal,0.17127622382083735,0.374,NS,-0.0042550822422996026,0.335,NS,0.07755890285698475,0.708,NS,0.08649112889002437,0.693,NS,0.47085920628107875,0.05,NS
Western North,Suaman,Suaman,0.3145072180101925,0.231,NS,0.0001707837311311243,0.98,NS,0.320189695217071,0.235,NS,0.3487096029791612,0.257,NS,0.520363514909396,0.098,NS
